
USE [ThucHanhCNTT]
GO

-- insert giang vien
/****** Object:  Table [dbo].[GiangVien]    Script Date: 04/02/2014 22:43:52 ******/
--INSERT [dbo].[GiangVien] ([MaGv], [ChuyenNganh], [HoVaTen], [CoThePhanCong], [UserProfileId]) VALUES (N'CT01', 1, N'Cao Thị Nhạn', 1, NULL)
INSERT [dbo].[GiangVien] ([MaGv], [ChuyenNganh], [HoVaTen], [CoThePhanCong], [UserProfileId]) VALUES (N'CT02', 2, N'Lê Gia Công', 1, NULL)
INSERT [dbo].[GiangVien] ([MaGv], [ChuyenNganh], [HoVaTen], [CoThePhanCong], [UserProfileId]) VALUES (N'CT03', 1, N'Nguyễn Thị Thanh Bình', 1, NULL)
INSERT [dbo].[GiangVien] ([MaGv], [ChuyenNganh], [HoVaTen], [CoThePhanCong], [UserProfileId]) VALUES (N'CT07', 2, N'Phan Thị Thanh Nga', 1, NULL)
INSERT [dbo].[GiangVien] ([MaGv], [ChuyenNganh], [HoVaTen], [CoThePhanCong], [UserProfileId]) VALUES (N'CT08', 1, N'Tạ Hoàng Thắng', 1, NULL)
INSERT [dbo].[GiangVien] ([MaGv], [ChuyenNganh], [HoVaTen], [CoThePhanCong], [UserProfileId]) VALUES (N'CT09', 2, N'Phạm Duy Lộc', 1, NULL)
INSERT [dbo].[GiangVien] ([MaGv], [ChuyenNganh], [HoVaTen], [CoThePhanCong], [UserProfileId]) VALUES (N'CT13', 1, N'Nguyễn Văn Phúc', 1, NULL)
INSERT [dbo].[GiangVien] ([MaGv], [ChuyenNganh], [HoVaTen], [CoThePhanCong], [UserProfileId]) VALUES (N'CT15', 2, N'Hoàng Mạnh Hùng', 1, NULL)
INSERT [dbo].[GiangVien] ([MaGv], [ChuyenNganh], [HoVaTen], [CoThePhanCong], [UserProfileId]) VALUES (N'CT19', 1, N'Phạm Tuấn Anh', 1, NULL)
INSERT [dbo].[GiangVien] ([MaGv], [ChuyenNganh], [HoVaTen], [CoThePhanCong], [UserProfileId]) VALUES (N'CT20', 2, N'Trần Ngô Như Khánh', 1, NULL)
INSERT [dbo].[GiangVien] ([MaGv], [ChuyenNganh], [HoVaTen], [CoThePhanCong], [UserProfileId]) VALUES (N'CT24', 1, N'Nguyễn Thị Huyền Trang', 1, NULL)
INSERT [dbo].[GiangVien] ([MaGv], [ChuyenNganh], [HoVaTen], [CoThePhanCong], [UserProfileId]) VALUES (N'CT25', 1, N'Đỗ Ngọc Cường', 1, NULL)
INSERT [dbo].[GiangVien] ([MaGv], [ChuyenNganh], [HoVaTen], [CoThePhanCong], [UserProfileId]) VALUES (N'CT28', 1, N'Nguyễn Thị Lương', 1, NULL)
INSERT [dbo].[GiangVien] ([MaGv], [ChuyenNganh], [HoVaTen], [CoThePhanCong], [UserProfileId]) VALUES (N'CT29', 1, N'Võ Phương Bình', 1, NULL)
--INSERT [dbo].[GiangVien] ([MaGv], [ChuyenNganh], [HoVaTen], [CoThePhanCong], [UserProfileId]) VALUES (N'CT30', 0, N'Phạm Thị Việt Linh', 1, NULL)
INSERT [dbo].[GiangVien] ([MaGv], [ChuyenNganh], [HoVaTen], [CoThePhanCong], [UserProfileId]) VALUES (N'CT31', 2, N'Lâm Uyên Thy', 1, NULL)
INSERT [dbo].[GiangVien] ([MaGv], [ChuyenNganh], [HoVaTen], [CoThePhanCong], [UserProfileId]) VALUES (N'CT33', 2, N'Nguyễn Thanh Bình', 1, NULL)
--INSERT [dbo].[GiangVien] ([MaGv], [ChuyenNganh], [HoVaTen], [CoThePhanCong], [UserProfileId]) VALUES (N'CT35', 0, N'Trần Văn Lăng', 1, NULL)
INSERT [dbo].[GiangVien] ([MaGv], [ChuyenNganh], [HoVaTen], [CoThePhanCong], [UserProfileId]) VALUES (N'CT36', 0, N'Lê Hoài Bắc', 0, NULL)
--INSERT [dbo].[GiangVien] ([MaGv], [ChuyenNganh], [HoVaTen], [CoThePhanCong], [UserProfileId]) VALUES (N'CT38', 0, N'Dương Quốc Thái', 1, NULL)
--INSERT [dbo].[GiangVien] ([MaGv], [ChuyenNganh], [HoVaTen], [CoThePhanCong], [UserProfileId]) VALUES (N'CT40', 0, N'See Hoon Lee', 1, NULL)
INSERT [dbo].[GiangVien] ([MaGv], [ChuyenNganh], [HoVaTen], [CoThePhanCong], [UserProfileId]) VALUES (N'CT45', 0, N'Đỗ Năng Toàn', 0, NULL)
INSERT [dbo].[GiangVien] ([MaGv], [ChuyenNganh], [HoVaTen], [CoThePhanCong], [UserProfileId]) VALUES (N'CT46', 1, N'Thái Duy Qúy', 1, NULL)
--INSERT [dbo].[GiangVien] ([MaGv], [ChuyenNganh], [HoVaTen], [CoThePhanCong], [UserProfileId]) VALUES (N'CT47', 0, N'Kang Shin Won', 1, NULL)
INSERT [dbo].[GiangVien] ([MaGv], [ChuyenNganh], [HoVaTen], [CoThePhanCong], [UserProfileId]) VALUES (N'CT48', 1, N'Lê Văn Linh', 1, NULL)
INSERT [dbo].[GiangVien] ([MaGv], [ChuyenNganh], [HoVaTen], [CoThePhanCong], [UserProfileId]) VALUES (N'CT49', 1, N'Lê Ngọc Luyện', 1, NULL)
INSERT [dbo].[GiangVien] ([MaGv], [ChuyenNganh], [HoVaTen], [CoThePhanCong], [UserProfileId]) VALUES (N'CT50', 2, N'Phan Tuấn Anh', 1, NULL)
INSERT [dbo].[GiangVien] ([MaGv], [ChuyenNganh], [HoVaTen], [CoThePhanCong], [UserProfileId]) VALUES (N'CT51', 1, N'Trần Thị Phương Linh', 1, NULL)
--INSERT [dbo].[GiangVien] ([MaGv], [ChuyenNganh], [HoVaTen], [CoThePhanCong], [UserProfileId]) VALUES (N'CT52', 0, N'Nguyễn Văn Bốn', 1, NULL)
INSERT [dbo].[GiangVien] ([MaGv], [ChuyenNganh], [HoVaTen], [CoThePhanCong], [UserProfileId]) VALUES (N'CT59', 0, N'Hong Kyu Choi', 1, NULL)
INSERT [dbo].[GiangVien] ([MaGv], [ChuyenNganh], [HoVaTen], [CoThePhanCong], [UserProfileId]) VALUES (N'CT60', 1, N'Nguyễn Hữu Dương', 1, NULL)
INSERT [dbo].[GiangVien] ([MaGv], [ChuyenNganh], [HoVaTen], [CoThePhanCong], [UserProfileId]) VALUES (N'CT65', 0, N'Vũ Minh Quan', 1, NULL)
--INSERT [dbo].[GiangVien] ([MaGv], [ChuyenNganh], [HoVaTen], [CoThePhanCong], [UserProfileId]) VALUES (N'CT67', 0, N'Nguyễn Thị Minh Huyền', 1, NULL)
INSERT [dbo].[GiangVien] ([MaGv], [ChuyenNganh], [HoVaTen], [CoThePhanCong], [UserProfileId]) VALUES (N'CT68', 2, N'Đoàn Minh Khuê', 1, NULL)
INSERT [dbo].[GiangVien] ([MaGv], [ChuyenNganh], [HoVaTen], [CoThePhanCong], [UserProfileId]) VALUES (N'TN15', 1, N'Trần Tuấn Minh', 1, NULL)
INSERT [dbo].[GiangVien] ([MaGv], [ChuyenNganh], [HoVaTen], [CoThePhanCong], [UserProfileId]) VALUES (N'TN20', 2, N'Trần Thống', 1, NULL)
INSERT [dbo].[GiangVien] ([MaGv], [ChuyenNganh], [HoVaTen], [CoThePhanCong], [UserProfileId]) VALUES (N'TN16', 0, N'Phan Văn Nghĩa', 1, NULL)
INSERT [dbo].[GiangVien] ([MaGv], [ChuyenNganh], [HoVaTen], [CoThePhanCong], [UserProfileId]) VALUES (N'TH01', 1, N'Nguyễn Minh Hiệp', 1, NULL)
INSERT [dbo].[GiangVien] ([MaGv], [ChuyenNganh], [HoVaTen], [CoThePhanCong], [UserProfileId]) VALUES (N'TN22', 0, N'Trương Chí Tín', 1, NULL)
INSERT [dbo].[GiangVien] ([MaGv], [ChuyenNganh], [HoVaTen], [CoThePhanCong], [UserProfileId]) VALUES (N'TN12', 0, N'Đặng Thanh Hải', 1, NULL)


-- insert lop

INSERT INTO dbo.Lop        ( TenLop, TrinhDo, NamNhapHoc )VALUES  ( N'CTK34A',  N'DaiHoc',2010);

INSERT INTO dbo.Lop        ( TenLop, TrinhDo, NamNhapHoc )VALUES        ( N'CTK34B',  N'DaiHoc',2010);
INSERT INTO dbo.Lop        ( TenLop, TrinhDo, NamNhapHoc )VALUES  ( N'CTK35',  N'DaiHoc',2011);
INSERT INTO dbo.Lop        ( TenLop, TrinhDo, NamNhapHoc )VALUES( N'CTK36',  N'DaiHoc',2012)
INSERT INTO dbo.Lop        ( TenLop, TrinhDo, NamNhapHoc )VALUES( N'CTK37',  N'DaiHoc',2013)
INSERT INTO dbo.Lop        ( TenLop, TrinhDo, NamNhapHoc )VALUES( N'CTK35CD',  N'CaoDang',2011)
INSERT INTO dbo.Lop        ( TenLop, TrinhDo, NamNhapHoc )VALUES( N'CTK36CD',  N'CaoDang',2011)
INSERT INTO dbo.Lop        ( TenLop, TrinhDo, NamNhapHoc ) VALUES     ( N'CTK37CD',  N'CaoDang',2011)


INSERT INTO dbo.PhongThucHanh   ( TenPhong ) VALUES  ('A21.1')
INSERT INTO dbo.PhongThucHanh   ( TenPhong ) VALUES  ('A21.3')
INSERT INTO dbo.PhongThucHanh   ( TenPhong ) VALUES  ('A6MT')
INSERT INTO dbo.PhongThucHanh   ( TenPhong ) VALUES  ('A6.1')
INSERT INTO dbo.PhongThucHanh   ( TenPhong ) VALUES  ('A6.2')
INSERT INTO dbo.PhongThucHanh   ( TenPhong ) VALUES  ('A6.MT')

USE [ThucHanhCNTT]
GO
/****** Object:  Table [dbo].[MonHoc]    Script Date: 04/23/2014 02:42:28 ******/
SET IDENTITY_INSERT [dbo].[MonHoc] ON
INSERT [dbo].[MonHoc] ([MonHocId], [MaMonHoc], [TenMonHoc], [SoTinChi], [BatBuoc], [TrinhDo], [ChuyenNganh]) VALUES (1, N'CT2103', N'Lập trình cấu trúc với C/C', 5, 1, 2, 0)
INSERT [dbo].[MonHoc] ([MonHocId], [MaMonHoc], [TenMonHoc], [SoTinChi], [BatBuoc], [TrinhDo], [ChuyenNganh]) VALUES (2, N'CT2106', N'Kiến trúc và tổ chức máy tính', 4, 1, 2, 0)
INSERT [dbo].[MonHoc] ([MonHocId], [MaMonHoc], [TenMonHoc], [SoTinChi], [BatBuoc], [TrinhDo], [ChuyenNganh]) VALUES (3, N'CT2129', N'Internet và các dịch vụ', 3, 0, 2, 0)
INSERT [dbo].[MonHoc] ([MonHocId], [MaMonHoc], [TenMonHoc], [SoTinChi], [BatBuoc], [TrinhDo], [ChuyenNganh]) VALUES (4, N'CT2309', N'Chuyên đề 1 (KTPM - Các phương pháp khai thác dữ liệu)', 3, 0, 2, 1)
INSERT [dbo].[MonHoc] ([MonHocId], [MaMonHoc], [TenMonHoc], [SoTinChi], [BatBuoc], [TrinhDo], [ChuyenNganh]) VALUES (5, N'TN1111', N'Toán cao cấp B2', 5, 1, 2, 0)
INSERT [dbo].[MonHoc] ([MonHocId], [MaMonHoc], [TenMonHoc], [SoTinChi], [BatBuoc], [TrinhDo], [ChuyenNganh]) VALUES (6, N'TN1115', N'Xác suất thống kê', 3, 1, 2, 0)
INSERT [dbo].[MonHoc] ([MonHocId], [MaMonHoc], [TenMonHoc], [SoTinChi], [BatBuoc], [TrinhDo], [ChuyenNganh]) VALUES (7, N'CT0002', N'Kỹ năng máy tính', 3, 0, 1, 0)
INSERT [dbo].[MonHoc] ([MonHocId], [MaMonHoc], [TenMonHoc], [SoTinChi], [BatBuoc], [TrinhDo], [ChuyenNganh]) VALUES (8, N'CT0003', N'Lập trình cấu trúc với C/C', 5, 1, 1, 0)
INSERT [dbo].[MonHoc] ([MonHocId], [MaMonHoc], [TenMonHoc], [SoTinChi], [BatBuoc], [TrinhDo], [ChuyenNganh]) VALUES (9, N'CT0006', N'Kiến trúc và tổ chức máy tính', 4, 1, 1, 0)
INSERT [dbo].[MonHoc] ([MonHocId], [MaMonHoc], [TenMonHoc], [SoTinChi], [BatBuoc], [TrinhDo], [ChuyenNganh]) VALUES (10, N'CT0029', N'Internet và các dịch vụ', 3, 0, 1, 0)
INSERT [dbo].[MonHoc] ([MonHocId], [MaMonHoc], [TenMonHoc], [SoTinChi], [BatBuoc], [TrinhDo], [ChuyenNganh]) VALUES (11, N'CT0015', N'Photoshop', 4, 0, 1, 0)
INSERT [dbo].[MonHoc] ([MonHocId], [MaMonHoc], [TenMonHoc], [SoTinChi], [BatBuoc], [TrinhDo], [ChuyenNganh]) VALUES (12, N'CT0010', N'Công cụ&môi trường LT1', 3, 0, 1, 0)
INSERT [dbo].[MonHoc] ([MonHocId], [MaMonHoc], [TenMonHoc], [SoTinChi], [BatBuoc], [TrinhDo], [ChuyenNganh]) VALUES (13, N'CT0011', N'Cơ sở dữ liệu', 4, 1, 1, 0)
INSERT [dbo].[MonHoc] ([MonHocId], [MaMonHoc], [TenMonHoc], [SoTinChi], [BatBuoc], [TrinhDo], [ChuyenNganh]) VALUES (14, N'CT0012', N'Hệ Điều Hành', 4, 1, 1, 0)
INSERT [dbo].[MonHoc] ([MonHocId], [MaMonHoc], [TenMonHoc], [SoTinChi], [BatBuoc], [TrinhDo], [ChuyenNganh]) VALUES (15, N'VL0113', N'Vật lý đại cương D (cao đẳng)', 4, 1, 1, 0)
INSERT [dbo].[MonHoc] ([MonHocId], [MaMonHoc], [TenMonHoc], [SoTinChi], [BatBuoc], [TrinhDo], [ChuyenNganh]) VALUES (16, N'CT0024', N'Chuyên đề 1 (Cao đẳng)', 3, 0, 1, 0)
INSERT [dbo].[MonHoc] ([MonHocId], [MaMonHoc], [TenMonHoc], [SoTinChi], [BatBuoc], [TrinhDo], [ChuyenNganh]) VALUES (17, N'CT2107', N'CTDL và thuật giải 2', 4, 1, 2, 0)
INSERT [dbo].[MonHoc] ([MonHocId], [MaMonHoc], [TenMonHoc], [SoTinChi], [BatBuoc], [TrinhDo], [ChuyenNganh]) VALUES (18, N'CT2109', N'Lập trình Hướng đối tượng', 4, 1, 2, 0)
INSERT [dbo].[MonHoc] ([MonHocId], [MaMonHoc], [TenMonHoc], [SoTinChi], [BatBuoc], [TrinhDo], [ChuyenNganh]) VALUES (19, N'CT2112', N'Hệ điều hành', 4, 1, 2, 0)
INSERT [dbo].[MonHoc] ([MonHocId], [MaMonHoc], [TenMonHoc], [SoTinChi], [BatBuoc], [TrinhDo], [ChuyenNganh]) VALUES (20, N'CT2113', N'Công nghệ phần mềm', 4, 1, 2, 0)
INSERT [dbo].[MonHoc] ([MonHocId], [MaMonHoc], [TenMonHoc], [SoTinChi], [BatBuoc], [TrinhDo], [ChuyenNganh]) VALUES (21, N'CT2119', N'Trí tuệ nhân tạo', 4, 1, 2, 0)
INSERT [dbo].[MonHoc] ([MonHocId], [MaMonHoc], [TenMonHoc], [SoTinChi], [BatBuoc], [TrinhDo], [ChuyenNganh]) VALUES (22, N'CT2120', N'Lập trình mạng', 3, 0, 2, 0)
INSERT [dbo].[MonHoc] ([MonHocId], [MaMonHoc], [TenMonHoc], [SoTinChi], [BatBuoc], [TrinhDo], [ChuyenNganh]) VALUES (23, N'CT2121', N'Phát triển ứng dụng web với .NET', 3, 0, 2, 0)
INSERT [dbo].[MonHoc] ([MonHocId], [MaMonHoc], [TenMonHoc], [SoTinChi], [BatBuoc], [TrinhDo], [ChuyenNganh]) VALUES (24, N'CT2122', N'Phát triển ứng dụng web với PHP', 3, 0, 2, 0)
INSERT [dbo].[MonHoc] ([MonHocId], [MaMonHoc], [TenMonHoc], [SoTinChi], [BatBuoc], [TrinhDo], [ChuyenNganh]) VALUES (25, N'CT2124', N'Chuyên đề cơ sở 1', 3, 0, 2, 0)
INSERT [dbo].[MonHoc] ([MonHocId], [MaMonHoc], [TenMonHoc], [SoTinChi], [BatBuoc], [TrinhDo], [ChuyenNganh]) VALUES (26, N'CT2126', N'Lập trình cơ sở dữ liệu', 3, 0, 2, 0)
INSERT [dbo].[MonHoc] ([MonHocId], [MaMonHoc], [TenMonHoc], [SoTinChi], [BatBuoc], [TrinhDo], [ChuyenNganh]) VALUES (27, N'CT0013', N'Thiết kế mạng LAN', 3, 1, 1, 0)
INSERT [dbo].[MonHoc] ([MonHocId], [MaMonHoc], [TenMonHoc], [SoTinChi], [BatBuoc], [TrinhDo], [ChuyenNganh]) VALUES (28, N'CT0018', N'Đồ án Cao Đẳng', 3, 0, 1, 0)
INSERT [dbo].[MonHoc] ([MonHocId], [MaMonHoc], [TenMonHoc], [SoTinChi], [BatBuoc], [TrinhDo], [ChuyenNganh]) VALUES (29, N'CT0022', N'Phát triển ứng dụng web với PHP', 3, 0, 1, 0)
INSERT [dbo].[MonHoc] ([MonHocId], [MaMonHoc], [TenMonHoc], [SoTinChi], [BatBuoc], [TrinhDo], [ChuyenNganh]) VALUES (30, N'CT0030', N'Thực tập nghề nghiệp (Cao Đẳng)', 3, 1, 1, 0)
INSERT [dbo].[MonHoc] ([MonHocId], [MaMonHoc], [TenMonHoc], [SoTinChi], [BatBuoc], [TrinhDo], [ChuyenNganh]) VALUES (31, N'CT2102', N'Kỹ năng máy tính', 3, 0, 2, 0)
INSERT [dbo].[MonHoc] ([MonHocId], [MaMonHoc], [TenMonHoc], [SoTinChi], [BatBuoc], [TrinhDo], [ChuyenNganh]) VALUES (32, N'CT2310', N'Chuyên đề 2', 3, 0, 2, 1)
INSERT [dbo].[MonHoc] ([MonHocId], [MaMonHoc], [TenMonHoc], [SoTinChi], [BatBuoc], [TrinhDo], [ChuyenNganh]) VALUES (33, N'CT2201', N'Thiết kế mạng LAN', 3, 0, 2, 2)
INSERT [dbo].[MonHoc] ([MonHocId], [MaMonHoc], [TenMonHoc], [SoTinChi], [BatBuoc], [TrinhDo], [ChuyenNganh]) VALUES (34, N'CT2202', N'Quản trị mạng', 4, 0, 2, 2)
INSERT [dbo].[MonHoc] ([MonHocId], [MaMonHoc], [TenMonHoc], [SoTinChi], [BatBuoc], [TrinhDo], [ChuyenNganh]) VALUES (35, N'CT2203', N'Hệ điều hành nguồn mở', 3, 0, 2, 2)
INSERT [dbo].[MonHoc] ([MonHocId], [MaMonHoc], [TenMonHoc], [SoTinChi], [BatBuoc], [TrinhDo], [ChuyenNganh]) VALUES (36, N'CT2204', N'Bảo mật mạng', 3, 0, 2, 2)
INSERT [dbo].[MonHoc] ([MonHocId], [MaMonHoc], [TenMonHoc], [SoTinChi], [BatBuoc], [TrinhDo], [ChuyenNganh]) VALUES (37, N'CT2205', N'Hạ tầng và các dịch vụ mạng Internet', 3, 0, 2, 2)
INSERT [dbo].[MonHoc] ([MonHocId], [MaMonHoc], [TenMonHoc], [SoTinChi], [BatBuoc], [TrinhDo], [ChuyenNganh]) VALUES (38, N'CT2207', N'Mạng không dây', 3, 0, 2, 2)
INSERT [dbo].[MonHoc] ([MonHocId], [MaMonHoc], [TenMonHoc], [SoTinChi], [BatBuoc], [TrinhDo], [ChuyenNganh]) VALUES (39, N'CT2209', N'Chuyên đề 2', 3, 0, 2, 2)
INSERT [dbo].[MonHoc] ([MonHocId], [MaMonHoc], [TenMonHoc], [SoTinChi], [BatBuoc], [TrinhDo], [ChuyenNganh]) VALUES (40, N'CT2301', N'Lập trình Web nâng cao', 4, 0, 2, 1)
INSERT [dbo].[MonHoc] ([MonHocId], [MaMonHoc], [TenMonHoc], [SoTinChi], [BatBuoc], [TrinhDo], [ChuyenNganh]) VALUES (41, N'CT2302', N'Quản trị dự án công nghệ thông tin', 2, 0, 2, 1)
INSERT [dbo].[MonHoc] ([MonHocId], [MaMonHoc], [TenMonHoc], [SoTinChi], [BatBuoc], [TrinhDo], [ChuyenNganh]) VALUES (42, N'CT2304', N'Thiết kế mẫu', 3, 0, 2, 1)
INSERT [dbo].[MonHoc] ([MonHocId], [MaMonHoc], [TenMonHoc], [SoTinChi], [BatBuoc], [TrinhDo], [ChuyenNganh]) VALUES (43, N'CT2306', N'Phát triển mã nguồn mở', 3, 0, 2, 1)
SET IDENTITY_INSERT [dbo].[MonHoc] OFF


-- insert phan cong giang day
INSERT [dbo].[PhanCongGiangDay] ([NamHoc], [HocKy], [MonHocId], [MaGv], [TenLop]) VALUES (2014, 2, 32, N'CT46', N'CTK34B')
INSERT [dbo].[PhanCongGiangDay] ([NamHoc], [HocKy], [MonHocId], [MaGv], [TenLop]) VALUES (2014, 2, 33, N'CT65', N'CTK34A')
INSERT [dbo].[PhanCongGiangDay] ([NamHoc], [HocKy], [MonHocId], [MaGv], [TenLop]) VALUES (2014, 2, 34, N'CT02', N'CTK34A')
INSERT [dbo].[PhanCongGiangDay] ([NamHoc], [HocKy], [MonHocId], [MaGv], [TenLop]) VALUES (2014, 2, 35, N'TN12', N'CTK34A')
INSERT [dbo].[PhanCongGiangDay] ([NamHoc], [HocKy], [MonHocId], [MaGv], [TenLop]) VALUES (2014, 2, 36, N'CT07', N'CTK34A')
INSERT [dbo].[PhanCongGiangDay] ([NamHoc], [HocKy], [MonHocId], [MaGv], [TenLop]) VALUES (2014, 2, 37, N'TN20', N'CTK34A')
INSERT [dbo].[PhanCongGiangDay] ([NamHoc], [HocKy], [MonHocId], [MaGv], [TenLop]) VALUES (2014, 2, 38, N'CT09', N'CTK34A')
INSERT [dbo].[PhanCongGiangDay] ([NamHoc], [HocKy], [MonHocId], [MaGv], [TenLop]) VALUES (2014, 2, 39, N'CT65', N'CTK34A')

INSERT [dbo].[PhanCongGiangDay] ([NamHoc], [HocKy], [MonHocId], [MaGv], [TenLop]) VALUES (2014, 2, 40, N'CT13', N'CTK34B')
INSERT [dbo].[PhanCongGiangDay] ([NamHoc], [HocKy], [MonHocId], [MaGv], [TenLop]) VALUES (2014, 2, 41, N'CT46', N'CTK34B')
INSERT [dbo].[PhanCongGiangDay] ([NamHoc], [HocKy], [MonHocId], [MaGv], [TenLop]) VALUES (2014, 2, 42, N'TH01', N'CTK34B')
INSERT [dbo].[PhanCongGiangDay] ([NamHoc], [HocKy], [MonHocId], [MaGv], [TenLop]) VALUES (2014, 2, 43, N'CT13', N'CTK34B')
INSERT [dbo].[PhanCongGiangDay] ([NamHoc], [HocKy], [MonHocId], [MaGv], [TenLop]) VALUES (2014, 2, 4, N'TN15', N'CTK34B')

INSERT [dbo].[PhanCongGiangDay] ([NamHoc], [HocKy], [MonHocId], [MaGv], [TenLop]) VALUES (2014, 2, 19, N'TN12', N'CTK35')
INSERT [dbo].[PhanCongGiangDay] ([NamHoc], [HocKy], [MonHocId], [MaGv], [TenLop]) VALUES (2014, 2, 20, N'CT46', N'CTK35')
INSERT [dbo].[PhanCongGiangDay] ([NamHoc], [HocKy], [MonHocId], [MaGv], [TenLop]) VALUES (2014, 2, 21, N'TN22', N'CTK35')
INSERT [dbo].[PhanCongGiangDay] ([NamHoc], [HocKy], [MonHocId], [MaGv], [TenLop]) VALUES (2014, 2, 22, N'CT13', N'CTK35')
INSERT [dbo].[PhanCongGiangDay] ([NamHoc], [HocKy], [MonHocId], [MaGv], [TenLop]) VALUES (2014, 2, 23, N'CT25', N'CTK35')
INSERT [dbo].[PhanCongGiangDay] ([NamHoc], [HocKy], [MonHocId], [MaGv], [TenLop]) VALUES (2014, 2, 24, N'TH01', N'CTK35')
INSERT [dbo].[PhanCongGiangDay] ([NamHoc], [HocKy], [MonHocId], [MaGv], [TenLop]) VALUES (2014, 2, 25, N'CT46', N'CTK35')
INSERT [dbo].[PhanCongGiangDay] ([NamHoc], [HocKy], [MonHocId], [MaGv], [TenLop]) VALUES (2014, 2, 26, N'CT28', N'CTK35')


INSERT [dbo].[PhanCongGiangDay] ([NamHoc], [HocKy], [MonHocId], [MaGv], [TenLop]) VALUES (2014, 2, 27, N'CT65', N'CTK35CD')
INSERT [dbo].[PhanCongGiangDay] ([NamHoc], [HocKy], [MonHocId], [MaGv], [TenLop]) VALUES (2014, 2, 29, N'TH01', N'CTK35CD')
INSERT [dbo].[PhanCongGiangDay] ([NamHoc], [HocKy], [MonHocId], [MaGv], [TenLop]) VALUES (2014, 2, 30, N'CT60', N'CTK35CD')


INSERT [dbo].[PhanCongGiangDay] ([NamHoc], [HocKy], [MonHocId], [MaGv], [TenLop]) VALUES (2014, 2, 17, N'TN15', N'CTK36')
INSERT [dbo].[PhanCongGiangDay] ([NamHoc], [HocKy], [MonHocId], [MaGv], [TenLop]) VALUES (2014, 2, 18, N'CT13', N'CTK36')

INSERT [dbo].[PhanCongGiangDay] ([NamHoc], [HocKy], [MonHocId], [MaGv], [TenLop]) VALUES (2014, 2, 11, N'CT59', N'CTK36CD')
INSERT [dbo].[PhanCongGiangDay] ([NamHoc], [HocKy], [MonHocId], [MaGv], [TenLop]) VALUES (2014, 2, 12, N'CT28', N'CTK36CD')
INSERT [dbo].[PhanCongGiangDay] ([NamHoc], [HocKy], [MonHocId], [MaGv], [TenLop]) VALUES (2014, 2, 13, N'CT03', N'CTK36CD')
INSERT [dbo].[PhanCongGiangDay] ([NamHoc], [HocKy], [MonHocId], [MaGv], [TenLop]) VALUES (2014, 2, 14, N'CT02', N'CTK36CD')
INSERT [dbo].[PhanCongGiangDay] ([NamHoc], [HocKy], [MonHocId], [MaGv], [TenLop]) VALUES (2014, 2, 16, N'CT07', N'CTK36CD')

INSERT [dbo].[PhanCongGiangDay] ([NamHoc], [HocKy], [MonHocId], [MaGv], [TenLop]) VALUES (2014, 2, 1, N'TN15', N'CTK37')
INSERT [dbo].[PhanCongGiangDay] ([NamHoc], [HocKy], [MonHocId], [MaGv], [TenLop]) VALUES (2014, 2, 2, N'TN16', N'CTK37')
INSERT [dbo].[PhanCongGiangDay] ([NamHoc], [HocKy], [MonHocId], [MaGv], [TenLop]) VALUES (2014, 2, 3, N'CT65', N'CTK37')
INSERT [dbo].[PhanCongGiangDay] ([NamHoc], [HocKy], [MonHocId], [MaGv], [TenLop]) VALUES (2014, 2, 31, N'CT60', N'CTK37')

INSERT [dbo].[PhanCongGiangDay] ([NamHoc], [HocKy], [MonHocId], [MaGv], [TenLop]) VALUES (2014, 2, 7, N'CT60', N'CTK37CD')
INSERT [dbo].[PhanCongGiangDay] ([NamHoc], [HocKy], [MonHocId], [MaGv], [TenLop]) VALUES (2014, 2, 8, N'CT13', N'CTK37CD')
INSERT [dbo].[PhanCongGiangDay] ([NamHoc], [HocKy], [MonHocId], [MaGv], [TenLop]) VALUES (2014, 2, 9, N'CT09', N'CTK37CD')
INSERT [dbo].[PhanCongGiangDay] ([NamHoc], [HocKy], [MonHocId], [MaGv], [TenLop]) VALUES (2014, 2, 10, N'CT50', N'CTK37CD')






