
USE [ThucHanhCNTT]
GO

-- insert giang vien
/****** Object:  Table [dbo].[GiangVien]    Script Date: 04/02/2014 22:43:52 ******/
--INSERT [dbo].[GiangVien] ([MaGv], [ChuyenNganh], [HoVaTen], [CoThePhanCong], [UserProfileId]) VALUES (N'CT01', 1, N'Cao Thị Nhạn', 1, NULL)
INSERT [dbo].[GiangVien] ([MaGv], [ChuyenNganh], [HoVaTen], [CoThePhanCong], [UserProfileId]) VALUES (N'CT02', 2, N'Lê Gia Công', 1, NULL)
INSERT [dbo].[GiangVien] ([MaGv], [ChuyenNganh], [HoVaTen], [CoThePhanCong], [UserProfileId]) VALUES (N'CT03', 1, N'Nguyễn Thị Thanh Bình', 1, NULL)
INSERT [dbo].[GiangVien] ([MaGv], [ChuyenNganh], [HoVaTen], [CoThePhanCong], [UserProfileId]) VALUES (N'CT07', 2, N'Phan Thị Thanh Nga', 1, NULL)
INSERT [dbo].[GiangVien] ([MaGv], [ChuyenNganh], [HoVaTen], [CoThePhanCong], [UserProfileId]) VALUES (N'CT08', 1, N'Tạ Hoàng Thắng', 1, NULL)
INSERT [dbo].[GiangVien] ([MaGv], [ChuyenNganh], [HoVaTen], [CoThePhanCong], [UserProfileId]) VALUES (N'CT09', 2, N'Phạm Duy Lộc', 1, NULL)
INSERT [dbo].[GiangVien] ([MaGv], [ChuyenNganh], [HoVaTen], [CoThePhanCong], [UserProfileId]) VALUES (N'CT13', 1, N'Nguyễn Văn Phúc', 1, NULL)
INSERT [dbo].[GiangVien] ([MaGv], [ChuyenNganh], [HoVaTen], [CoThePhanCong], [UserProfileId]) VALUES (N'CT15', 2, N'Hoàng Mạnh Hùng', 1, NULL)
INSERT [dbo].[GiangVien] ([MaGv], [ChuyenNganh], [HoVaTen], [CoThePhanCong], [UserProfileId]) VALUES (N'CT19', 1, N'Phạm Tuấn Anh', 1, NULL)
INSERT [dbo].[GiangVien] ([MaGv], [ChuyenNganh], [HoVaTen], [CoThePhanCong], [UserProfileId]) VALUES (N'CT20', 2, N'Trần Ngô Như Khánh', 1, NULL)
INSERT [dbo].[GiangVien] ([MaGv], [ChuyenNganh], [HoVaTen], [CoThePhanCong], [UserProfileId]) VALUES (N'CT24', 1, N'Nguyễn Thị Huyền Trang', 1, NULL)
INSERT [dbo].[GiangVien] ([MaGv], [ChuyenNganh], [HoVaTen], [CoThePhanCong], [UserProfileId]) VALUES (N'CT25', 1, N'Đỗ Ngọc Cường', 1, NULL)
INSERT [dbo].[GiangVien] ([MaGv], [ChuyenNganh], [HoVaTen], [CoThePhanCong], [UserProfileId]) VALUES (N'CT28', 1, N'Nguyễn Thị Lương', 1, NULL)
INSERT [dbo].[GiangVien] ([MaGv], [ChuyenNganh], [HoVaTen], [CoThePhanCong], [UserProfileId]) VALUES (N'CT29', 1, N'Võ Phương Bình', 1, NULL)
--INSERT [dbo].[GiangVien] ([MaGv], [ChuyenNganh], [HoVaTen], [CoThePhanCong], [UserProfileId]) VALUES (N'CT30', 0, N'Phạm Thị Việt Linh', 1, NULL)
INSERT [dbo].[GiangVien] ([MaGv], [ChuyenNganh], [HoVaTen], [CoThePhanCong], [UserProfileId]) VALUES (N'CT31', 2, N'Lâm Uyên Thy', 1, NULL)
INSERT [dbo].[GiangVien] ([MaGv], [ChuyenNganh], [HoVaTen], [CoThePhanCong], [UserProfileId]) VALUES (N'CT33', 2, N'Nguyễn Thanh Bình', 1, NULL)
--INSERT [dbo].[GiangVien] ([MaGv], [ChuyenNganh], [HoVaTen], [CoThePhanCong], [UserProfileId]) VALUES (N'CT35', 0, N'Trần Văn Lăng', 1, NULL)
INSERT [dbo].[GiangVien] ([MaGv], [ChuyenNganh], [HoVaTen], [CoThePhanCong], [UserProfileId]) VALUES (N'CT36', 0, N'Lê Hoài Bắc', 0, NULL)
--INSERT [dbo].[GiangVien] ([MaGv], [ChuyenNganh], [HoVaTen], [CoThePhanCong], [UserProfileId]) VALUES (N'CT38', 0, N'Dương Quốc Thái', 1, NULL)
--INSERT [dbo].[GiangVien] ([MaGv], [ChuyenNganh], [HoVaTen], [CoThePhanCong], [UserProfileId]) VALUES (N'CT40', 0, N'See Hoon Lee', 1, NULL)
INSERT [dbo].[GiangVien] ([MaGv], [ChuyenNganh], [HoVaTen], [CoThePhanCong], [UserProfileId]) VALUES (N'CT45', 0, N'Đỗ Năng Toàn', 0, NULL)
INSERT [dbo].[GiangVien] ([MaGv], [ChuyenNganh], [HoVaTen], [CoThePhanCong], [UserProfileId]) VALUES (N'CT46', 1, N'Thái Duy Qúy', 1, NULL)
--INSERT [dbo].[GiangVien] ([MaGv], [ChuyenNganh], [HoVaTen], [CoThePhanCong], [UserProfileId]) VALUES (N'CT47', 0, N'Kang Shin Won', 1, NULL)
INSERT [dbo].[GiangVien] ([MaGv], [ChuyenNganh], [HoVaTen], [CoThePhanCong], [UserProfileId]) VALUES (N'CT48', 1, N'Lê Văn Linh', 1, NULL)
INSERT [dbo].[GiangVien] ([MaGv], [ChuyenNganh], [HoVaTen], [CoThePhanCong], [UserProfileId]) VALUES (N'CT49', 1, N'Lê Ngọc Luyện', 1, NULL)
INSERT [dbo].[GiangVien] ([MaGv], [ChuyenNganh], [HoVaTen], [CoThePhanCong], [UserProfileId]) VALUES (N'CT50', 2, N'Phan Tuấn Anh', 1, NULL)
INSERT [dbo].[GiangVien] ([MaGv], [ChuyenNganh], [HoVaTen], [CoThePhanCong], [UserProfileId]) VALUES (N'CT51', 1, N'Trần Thị Phương Linh', 1, NULL)
--INSERT [dbo].[GiangVien] ([MaGv], [ChuyenNganh], [HoVaTen], [CoThePhanCong], [UserProfileId]) VALUES (N'CT52', 0, N'Nguyễn Văn Bốn', 1, NULL)
INSERT [dbo].[GiangVien] ([MaGv], [ChuyenNganh], [HoVaTen], [CoThePhanCong], [UserProfileId]) VALUES (N'CT59', 0, N'Hong Kyu Choi', 1, NULL)
INSERT [dbo].[GiangVien] ([MaGv], [ChuyenNganh], [HoVaTen], [CoThePhanCong], [UserProfileId]) VALUES (N'CT60', 1, N'Nguyễn Hữu Dương', 1, NULL)
INSERT [dbo].[GiangVien] ([MaGv], [ChuyenNganh], [HoVaTen], [CoThePhanCong], [UserProfileId]) VALUES (N'CT65', 0, N'Vũ Minh Quan', 1, NULL)
--INSERT [dbo].[GiangVien] ([MaGv], [ChuyenNganh], [HoVaTen], [CoThePhanCong], [UserProfileId]) VALUES (N'CT67', 0, N'Nguyễn Thị Minh Huyền', 1, NULL)
INSERT [dbo].[GiangVien] ([MaGv], [ChuyenNganh], [HoVaTen], [CoThePhanCong], [UserProfileId]) VALUES (N'CT68', 2, N'Đoàn Minh Khuê', 1, NULL)
INSERT [dbo].[GiangVien] ([MaGv], [ChuyenNganh], [HoVaTen], [CoThePhanCong], [UserProfileId]) VALUES (N'TN15', 1, N'Trần Tuấn Minh', 1, NULL)
INSERT [dbo].[GiangVien] ([MaGv], [ChuyenNganh], [HoVaTen], [CoThePhanCong], [UserProfileId]) VALUES (N'TN20', 2, N'Trần Thống', 1, NULL)
INSERT [dbo].[GiangVien] ([MaGv], [ChuyenNganh], [HoVaTen], [CoThePhanCong], [UserProfileId]) VALUES (N'TN16', 0, N'Phan Văn Nghĩa', 1, NULL)
INSERT [dbo].[GiangVien] ([MaGv], [ChuyenNganh], [HoVaTen], [CoThePhanCong], [UserProfileId]) VALUES (N'TH01', 1, N'Nguyễn Minh Hiệp', 1, NULL)
INSERT [dbo].[GiangVien] ([MaGv], [ChuyenNganh], [HoVaTen], [CoThePhanCong], [UserProfileId]) VALUES (N'TN22', 0, N'Trương Chí Tín', 1, NULL)
INSERT [dbo].[GiangVien] ([MaGv], [ChuyenNganh], [HoVaTen], [CoThePhanCong], [UserProfileId]) VALUES (N'TN12', 0, N'Đặng Thanh Hải', 1, NULL)


-- insert lop

INSERT INTO dbo.Lop        ( TenLop, TrinhDo, NamNhapHoc )VALUES  ( N'CTK34A',  N'DaiHoc',2010);

INSERT INTO dbo.Lop        ( TenLop, TrinhDo, NamNhapHoc )VALUES        ( N'CTK34B',  N'DaiHoc',2010);
INSERT INTO dbo.Lop        ( TenLop, TrinhDo, NamNhapHoc )VALUES  ( N'CTK35',  N'DaiHoc',2011);
INSERT INTO dbo.Lop        ( TenLop, TrinhDo, NamNhapHoc )VALUES( N'CTK36',  N'DaiHoc',2012)
INSERT INTO dbo.Lop        ( TenLop, TrinhDo, NamNhapHoc )VALUES( N'CTK37',  N'DaiHoc',2013)
INSERT INTO dbo.Lop        ( TenLop, TrinhDo, NamNhapHoc )VALUES( N'CTK35CD',  N'CaoDang',2011)
INSERT INTO dbo.Lop        ( TenLop, TrinhDo, NamNhapHoc )VALUES( N'CTK36CD',  N'CaoDang',2011)
INSERT INTO dbo.Lop        ( TenLop, TrinhDo, NamNhapHoc ) VALUES     ( N'CTK37CD',  N'CaoDang',2011)


INSERT INTO dbo.PhongThucHanh   ( TenPhong ) VALUES  ('A21.1')
INSERT INTO dbo.PhongThucHanh   ( TenPhong ) VALUES  ('A21.3')
INSERT INTO dbo.PhongThucHanh   ( TenPhong ) VALUES  ('A6MT')
INSERT INTO dbo.PhongThucHanh   ( TenPhong ) VALUES  ('A6.1')
INSERT INTO dbo.PhongThucHanh   ( TenPhong ) VALUES  ('A6.2')
INSERT INTO dbo.PhongThucHanh   ( TenPhong ) VALUES  ('A6.MT')

USE [ThucHanhCNTT]
GO
/****** Object:  Table [dbo].[MonHoc]    Script Date: 04/23/2014 10:07:45 ******/
SET IDENTITY_INSERT [dbo].[MonHoc] ON
INSERT [dbo].[MonHoc] ([MonHocId], [MaMonHoc], [TenMonHoc], [SoTinChi], [BatBuoc], [TrinhDo], [ChuyenNganh]) VALUES (1, N'CT2103', N'Lập trình cấu trúc với C/C', 5, 1, 2, 0)
INSERT [dbo].[MonHoc] ([MonHocId], [MaMonHoc], [TenMonHoc], [SoTinChi], [BatBuoc], [TrinhDo], [ChuyenNganh]) VALUES (2, N'CT2106', N'Kiến trúc và tổ chức máy tính', 4, 1, 2, 0)
INSERT [dbo].[MonHoc] ([MonHocId], [MaMonHoc], [TenMonHoc], [SoTinChi], [BatBuoc], [TrinhDo], [ChuyenNganh]) VALUES (3, N'CT2129', N'Internet và các dịch vụ', 3, 0, 2, 0)
INSERT [dbo].[MonHoc] ([MonHocId], [MaMonHoc], [TenMonHoc], [SoTinChi], [BatBuoc], [TrinhDo], [ChuyenNganh]) VALUES (4, N'CT2309', N'Chuyên đề 1 (KTPM - Các phương pháp khai thác dữ liệu)', 3, 0, 2, 1)
INSERT [dbo].[MonHoc] ([MonHocId], [MaMonHoc], [TenMonHoc], [SoTinChi], [BatBuoc], [TrinhDo], [ChuyenNganh]) VALUES (5, N'TN1111', N'Toán cao cấp B2', 5, 1, 2, 0)
INSERT [dbo].[MonHoc] ([MonHocId], [MaMonHoc], [TenMonHoc], [SoTinChi], [BatBuoc], [TrinhDo], [ChuyenNganh]) VALUES (6, N'TN1115', N'Xác suất thống kê', 3, 1, 2, 0)
INSERT [dbo].[MonHoc] ([MonHocId], [MaMonHoc], [TenMonHoc], [SoTinChi], [BatBuoc], [TrinhDo], [ChuyenNganh]) VALUES (7, N'CT0002', N'Kỹ năng máy tính', 3, 0, 1, 0)
INSERT [dbo].[MonHoc] ([MonHocId], [MaMonHoc], [TenMonHoc], [SoTinChi], [BatBuoc], [TrinhDo], [ChuyenNganh]) VALUES (8, N'CT0003', N'Lập trình cấu trúc với C/C', 5, 1, 1, 0)
INSERT [dbo].[MonHoc] ([MonHocId], [MaMonHoc], [TenMonHoc], [SoTinChi], [BatBuoc], [TrinhDo], [ChuyenNganh]) VALUES (9, N'CT0006', N'Kiến trúc và tổ chức máy tính', 4, 1, 1, 0)
INSERT [dbo].[MonHoc] ([MonHocId], [MaMonHoc], [TenMonHoc], [SoTinChi], [BatBuoc], [TrinhDo], [ChuyenNganh]) VALUES (10, N'CT0029', N'Internet và các dịch vụ', 3, 0, 1, 0)
INSERT [dbo].[MonHoc] ([MonHocId], [MaMonHoc], [TenMonHoc], [SoTinChi], [BatBuoc], [TrinhDo], [ChuyenNganh]) VALUES (11, N'CT0015', N'Photoshop', 4, 0, 1, 0)
INSERT [dbo].[MonHoc] ([MonHocId], [MaMonHoc], [TenMonHoc], [SoTinChi], [BatBuoc], [TrinhDo], [ChuyenNganh]) VALUES (12, N'CT0010', N'Công cụ&môi trường LT1', 3, 0, 1, 0)
INSERT [dbo].[MonHoc] ([MonHocId], [MaMonHoc], [TenMonHoc], [SoTinChi], [BatBuoc], [TrinhDo], [ChuyenNganh]) VALUES (13, N'CT0011', N'Cơ sở dữ liệu', 4, 1, 1, 0)
INSERT [dbo].[MonHoc] ([MonHocId], [MaMonHoc], [TenMonHoc], [SoTinChi], [BatBuoc], [TrinhDo], [ChuyenNganh]) VALUES (14, N'CT0012', N'Hệ Điều Hành', 4, 1, 1, 0)
INSERT [dbo].[MonHoc] ([MonHocId], [MaMonHoc], [TenMonHoc], [SoTinChi], [BatBuoc], [TrinhDo], [ChuyenNganh]) VALUES (15, N'VL0113', N'Vật lý đại cương D (cao đẳng)', 4, 1, 1, 0)
INSERT [dbo].[MonHoc] ([MonHocId], [MaMonHoc], [TenMonHoc], [SoTinChi], [BatBuoc], [TrinhDo], [ChuyenNganh]) VALUES (16, N'CT0024', N'Chuyên đề 1 (Cao đẳng)', 3, 0, 1, 0)
INSERT [dbo].[MonHoc] ([MonHocId], [MaMonHoc], [TenMonHoc], [SoTinChi], [BatBuoc], [TrinhDo], [ChuyenNganh]) VALUES (17, N'CT2107', N'CTDL và thuật giải 2', 4, 1, 2, 0)
INSERT [dbo].[MonHoc] ([MonHocId], [MaMonHoc], [TenMonHoc], [SoTinChi], [BatBuoc], [TrinhDo], [ChuyenNganh]) VALUES (18, N'CT2109', N'Lập trình Hướng đối tượng', 4, 1, 2, 0)
INSERT [dbo].[MonHoc] ([MonHocId], [MaMonHoc], [TenMonHoc], [SoTinChi], [BatBuoc], [TrinhDo], [ChuyenNganh]) VALUES (19, N'CT2112', N'Hệ điều hành', 4, 1, 2, 0)
INSERT [dbo].[MonHoc] ([MonHocId], [MaMonHoc], [TenMonHoc], [SoTinChi], [BatBuoc], [TrinhDo], [ChuyenNganh]) VALUES (20, N'CT2113', N'Công nghệ phần mềm', 4, 1, 2, 0)
INSERT [dbo].[MonHoc] ([MonHocId], [MaMonHoc], [TenMonHoc], [SoTinChi], [BatBuoc], [TrinhDo], [ChuyenNganh]) VALUES (21, N'CT2119', N'Trí tuệ nhân tạo', 4, 1, 2, 0)
INSERT [dbo].[MonHoc] ([MonHocId], [MaMonHoc], [TenMonHoc], [SoTinChi], [BatBuoc], [TrinhDo], [ChuyenNganh]) VALUES (22, N'CT2120', N'Lập trình mạng', 3, 0, 2, 0)
INSERT [dbo].[MonHoc] ([MonHocId], [MaMonHoc], [TenMonHoc], [SoTinChi], [BatBuoc], [TrinhDo], [ChuyenNganh]) VALUES (23, N'CT2121', N'Phát triển UD Web với.NET', 3, 0, 2, 0)
INSERT [dbo].[MonHoc] ([MonHocId], [MaMonHoc], [TenMonHoc], [SoTinChi], [BatBuoc], [TrinhDo], [ChuyenNganh]) VALUES (24, N'CT2122', N'Phát triển ứng dụng web với PHP', 3, 0, 2, 0)
INSERT [dbo].[MonHoc] ([MonHocId], [MaMonHoc], [TenMonHoc], [SoTinChi], [BatBuoc], [TrinhDo], [ChuyenNganh]) VALUES (25, N'CT2124', N'Chuyên đề cơ sở 1', 3, 0, 2, 0)
INSERT [dbo].[MonHoc] ([MonHocId], [MaMonHoc], [TenMonHoc], [SoTinChi], [BatBuoc], [TrinhDo], [ChuyenNganh]) VALUES (26, N'CT2126', N'Lập trình cơ sở dữ liệu', 3, 0, 2, 0)
INSERT [dbo].[MonHoc] ([MonHocId], [MaMonHoc], [TenMonHoc], [SoTinChi], [BatBuoc], [TrinhDo], [ChuyenNganh]) VALUES (27, N'CT0013', N'Thiết kế mạng LAN', 3, 1, 1, 0)
INSERT [dbo].[MonHoc] ([MonHocId], [MaMonHoc], [TenMonHoc], [SoTinChi], [BatBuoc], [TrinhDo], [ChuyenNganh]) VALUES (28, N'CT0018', N'Đồ án Cao Đẳng', 3, 0, 1, 0)
INSERT [dbo].[MonHoc] ([MonHocId], [MaMonHoc], [TenMonHoc], [SoTinChi], [BatBuoc], [TrinhDo], [ChuyenNganh]) VALUES (29, N'CT0022', N'Phát triển UD Web với PHP', 3, 0, 1, 0)
INSERT [dbo].[MonHoc] ([MonHocId], [MaMonHoc], [TenMonHoc], [SoTinChi], [BatBuoc], [TrinhDo], [ChuyenNganh]) VALUES (30, N'CT0030', N'Thực tập nghề nghiệp (Cao Đẳng)', 3, 1, 1, 0)
INSERT [dbo].[MonHoc] ([MonHocId], [MaMonHoc], [TenMonHoc], [SoTinChi], [BatBuoc], [TrinhDo], [ChuyenNganh]) VALUES (31, N'CT2102', N'Kỹ năng máy tính', 3, 0, 2, 0)
INSERT [dbo].[MonHoc] ([MonHocId], [MaMonHoc], [TenMonHoc], [SoTinChi], [BatBuoc], [TrinhDo], [ChuyenNganh]) VALUES (32, N'CT2310', N'Chuyên đề 2', 3, 0, 2, 1)
INSERT [dbo].[MonHoc] ([MonHocId], [MaMonHoc], [TenMonHoc], [SoTinChi], [BatBuoc], [TrinhDo], [ChuyenNganh]) VALUES (33, N'CT2201', N'Thiết kế mạng LAN', 3, 0, 2, 2)
INSERT [dbo].[MonHoc] ([MonHocId], [MaMonHoc], [TenMonHoc], [SoTinChi], [BatBuoc], [TrinhDo], [ChuyenNganh]) VALUES (34, N'CT2202', N'Quản trị mạng', 4, 0, 2, 2)
INSERT [dbo].[MonHoc] ([MonHocId], [MaMonHoc], [TenMonHoc], [SoTinChi], [BatBuoc], [TrinhDo], [ChuyenNganh]) VALUES (35, N'CT2203', N'Hệ điều hành nguồn mở', 3, 0, 2, 2)
INSERT [dbo].[MonHoc] ([MonHocId], [MaMonHoc], [TenMonHoc], [SoTinChi], [BatBuoc], [TrinhDo], [ChuyenNganh]) VALUES (36, N'CT2204', N'Bảo mật mạng', 3, 0, 2, 2)
INSERT [dbo].[MonHoc] ([MonHocId], [MaMonHoc], [TenMonHoc], [SoTinChi], [BatBuoc], [TrinhDo], [ChuyenNganh]) VALUES (37, N'CT2205', N'Hạ tầng và các dịch vụ Int', 3, 0, 2, 2)
INSERT [dbo].[MonHoc] ([MonHocId], [MaMonHoc], [TenMonHoc], [SoTinChi], [BatBuoc], [TrinhDo], [ChuyenNganh]) VALUES (38, N'CT2207', N'Mạng không dây', 3, 0, 2, 2)
INSERT [dbo].[MonHoc] ([MonHocId], [MaMonHoc], [TenMonHoc], [SoTinChi], [BatBuoc], [TrinhDo], [ChuyenNganh]) VALUES (39, N'CT2209', N'Chuyên đề 2 (Mạng & Truyền thông)', 3, 0, 2, 2)
INSERT [dbo].[MonHoc] ([MonHocId], [MaMonHoc], [TenMonHoc], [SoTinChi], [BatBuoc], [TrinhDo], [ChuyenNganh]) VALUES (40, N'CT2301', N'Lập trình Web nâng cao', 4, 0, 2, 1)
INSERT [dbo].[MonHoc] ([MonHocId], [MaMonHoc], [TenMonHoc], [SoTinChi], [BatBuoc], [TrinhDo], [ChuyenNganh]) VALUES (41, N'CT2302', N'Quản trị dự án công nghệ thông tin', 2, 0, 2, 1)
INSERT [dbo].[MonHoc] ([MonHocId], [MaMonHoc], [TenMonHoc], [SoTinChi], [BatBuoc], [TrinhDo], [ChuyenNganh]) VALUES (42, N'CT2304', N'Thiết kế mẫu', 3, 0, 2, 1)
INSERT [dbo].[MonHoc] ([MonHocId], [MaMonHoc], [TenMonHoc], [SoTinChi], [BatBuoc], [TrinhDo], [ChuyenNganh]) VALUES (43, N'CT2306', N'Phát triển mã nguồn mở', 3, 0, 2, 1)
SET IDENTITY_INSERT [dbo].[MonHoc] OFF
/****** Object:  Table [dbo].[PhanCongGiangDay]    Script Date: 04/23/2014 10:07:45 ******/
SET IDENTITY_INSERT [dbo].[PhanCongGiangDay] ON
INSERT [dbo].[PhanCongGiangDay] ([IdPhanCong], [NamHoc], [HocKy], [MonHocId], [MaGv], [TenLop]) VALUES (1, 2014, 2, 32, N'CT46', N'CTK34B')
INSERT [dbo].[PhanCongGiangDay] ([IdPhanCong], [NamHoc], [HocKy], [MonHocId], [MaGv], [TenLop]) VALUES (2, 2014, 2, 33, N'CT60', N'CTK34A')
INSERT [dbo].[PhanCongGiangDay] ([IdPhanCong], [NamHoc], [HocKy], [MonHocId], [MaGv], [TenLop]) VALUES (3, 2014, 2, 34, N'CT02', N'CTK34A')
INSERT [dbo].[PhanCongGiangDay] ([IdPhanCong], [NamHoc], [HocKy], [MonHocId], [MaGv], [TenLop]) VALUES (4, 2014, 2, 35, N'TN12', N'CTK34A')
INSERT [dbo].[PhanCongGiangDay] ([IdPhanCong], [NamHoc], [HocKy], [MonHocId], [MaGv], [TenLop]) VALUES (5, 2014, 2, 36, N'CT07', N'CTK34A')
INSERT [dbo].[PhanCongGiangDay] ([IdPhanCong], [NamHoc], [HocKy], [MonHocId], [MaGv], [TenLop]) VALUES (6, 2014, 2, 37, N'TN20', N'CTK34A')
INSERT [dbo].[PhanCongGiangDay] ([IdPhanCong], [NamHoc], [HocKy], [MonHocId], [MaGv], [TenLop]) VALUES (7, 2014, 2, 38, N'CT09', N'CTK34A')
INSERT [dbo].[PhanCongGiangDay] ([IdPhanCong], [NamHoc], [HocKy], [MonHocId], [MaGv], [TenLop]) VALUES (8, 2014, 2, 39, N'CT65', N'CTK34A')
INSERT [dbo].[PhanCongGiangDay] ([IdPhanCong], [NamHoc], [HocKy], [MonHocId], [MaGv], [TenLop]) VALUES (9, 2014, 2, 40, N'CT13', N'CTK34B')
INSERT [dbo].[PhanCongGiangDay] ([IdPhanCong], [NamHoc], [HocKy], [MonHocId], [MaGv], [TenLop]) VALUES (10, 2014, 2, 41, N'CT46', N'CTK34B')
INSERT [dbo].[PhanCongGiangDay] ([IdPhanCong], [NamHoc], [HocKy], [MonHocId], [MaGv], [TenLop]) VALUES (11, 2014, 2, 42, N'TH01', N'CTK34B')
INSERT [dbo].[PhanCongGiangDay] ([IdPhanCong], [NamHoc], [HocKy], [MonHocId], [MaGv], [TenLop]) VALUES (12, 2014, 2, 43, N'CT13', N'CTK34B')
INSERT [dbo].[PhanCongGiangDay] ([IdPhanCong], [NamHoc], [HocKy], [MonHocId], [MaGv], [TenLop]) VALUES (13, 2014, 2, 4, N'TN15', N'CTK34B')
INSERT [dbo].[PhanCongGiangDay] ([IdPhanCong], [NamHoc], [HocKy], [MonHocId], [MaGv], [TenLop]) VALUES (14, 2014, 2, 19, N'TN12', N'CTK35')
INSERT [dbo].[PhanCongGiangDay] ([IdPhanCong], [NamHoc], [HocKy], [MonHocId], [MaGv], [TenLop]) VALUES (15, 2014, 2, 20, N'CT46', N'CTK35')
INSERT [dbo].[PhanCongGiangDay] ([IdPhanCong], [NamHoc], [HocKy], [MonHocId], [MaGv], [TenLop]) VALUES (16, 2014, 2, 21, N'TN22', N'CTK35')
INSERT [dbo].[PhanCongGiangDay] ([IdPhanCong], [NamHoc], [HocKy], [MonHocId], [MaGv], [TenLop]) VALUES (17, 2014, 2, 22, N'CT13', N'CTK35')
INSERT [dbo].[PhanCongGiangDay] ([IdPhanCong], [NamHoc], [HocKy], [MonHocId], [MaGv], [TenLop]) VALUES (18, 2014, 2, 23, N'CT25', N'CTK35')
INSERT [dbo].[PhanCongGiangDay] ([IdPhanCong], [NamHoc], [HocKy], [MonHocId], [MaGv], [TenLop]) VALUES (19, 2014, 2, 24, N'TH01', N'CTK35')
INSERT [dbo].[PhanCongGiangDay] ([IdPhanCong], [NamHoc], [HocKy], [MonHocId], [MaGv], [TenLop]) VALUES (20, 2014, 2, 25, N'CT46', N'CTK35')
INSERT [dbo].[PhanCongGiangDay] ([IdPhanCong], [NamHoc], [HocKy], [MonHocId], [MaGv], [TenLop]) VALUES (21, 2014, 2, 26, N'CT28', N'CTK35')
INSERT [dbo].[PhanCongGiangDay] ([IdPhanCong], [NamHoc], [HocKy], [MonHocId], [MaGv], [TenLop]) VALUES (22, 2014, 2, 27, N'CT65', N'CTK35CD')
INSERT [dbo].[PhanCongGiangDay] ([IdPhanCong], [NamHoc], [HocKy], [MonHocId], [MaGv], [TenLop]) VALUES (23, 2014, 2, 29, N'TH01', N'CTK35CD')
INSERT [dbo].[PhanCongGiangDay] ([IdPhanCong], [NamHoc], [HocKy], [MonHocId], [MaGv], [TenLop]) VALUES (24, 2014, 2, 30, N'CT60', N'CTK35CD')
INSERT [dbo].[PhanCongGiangDay] ([IdPhanCong], [NamHoc], [HocKy], [MonHocId], [MaGv], [TenLop]) VALUES (25, 2014, 2, 17, N'TN15', N'CTK36')
INSERT [dbo].[PhanCongGiangDay] ([IdPhanCong], [NamHoc], [HocKy], [MonHocId], [MaGv], [TenLop]) VALUES (26, 2014, 2, 18, N'CT13', N'CTK36')
INSERT [dbo].[PhanCongGiangDay] ([IdPhanCong], [NamHoc], [HocKy], [MonHocId], [MaGv], [TenLop]) VALUES (27, 2014, 2, 11, N'CT59', N'CTK36CD')
INSERT [dbo].[PhanCongGiangDay] ([IdPhanCong], [NamHoc], [HocKy], [MonHocId], [MaGv], [TenLop]) VALUES (28, 2014, 2, 12, N'CT28', N'CTK36CD')
INSERT [dbo].[PhanCongGiangDay] ([IdPhanCong], [NamHoc], [HocKy], [MonHocId], [MaGv], [TenLop]) VALUES (29, 2014, 2, 13, N'CT03', N'CTK36CD')
INSERT [dbo].[PhanCongGiangDay] ([IdPhanCong], [NamHoc], [HocKy], [MonHocId], [MaGv], [TenLop]) VALUES (30, 2014, 2, 14, N'CT02', N'CTK36CD')
INSERT [dbo].[PhanCongGiangDay] ([IdPhanCong], [NamHoc], [HocKy], [MonHocId], [MaGv], [TenLop]) VALUES (31, 2014, 2, 16, N'CT07', N'CTK36CD')
INSERT [dbo].[PhanCongGiangDay] ([IdPhanCong], [NamHoc], [HocKy], [MonHocId], [MaGv], [TenLop]) VALUES (32, 2014, 2, 1, N'TN15', N'CTK37')
INSERT [dbo].[PhanCongGiangDay] ([IdPhanCong], [NamHoc], [HocKy], [MonHocId], [MaGv], [TenLop]) VALUES (33, 2014, 2, 2, N'TN16', N'CTK37')
INSERT [dbo].[PhanCongGiangDay] ([IdPhanCong], [NamHoc], [HocKy], [MonHocId], [MaGv], [TenLop]) VALUES (34, 2014, 2, 3, N'CT65', N'CTK37')
INSERT [dbo].[PhanCongGiangDay] ([IdPhanCong], [NamHoc], [HocKy], [MonHocId], [MaGv], [TenLop]) VALUES (35, 2014, 2, 31, N'CT60', N'CTK37')
INSERT [dbo].[PhanCongGiangDay] ([IdPhanCong], [NamHoc], [HocKy], [MonHocId], [MaGv], [TenLop]) VALUES (36, 2014, 2, 7, N'CT60', N'CTK37CD')
INSERT [dbo].[PhanCongGiangDay] ([IdPhanCong], [NamHoc], [HocKy], [MonHocId], [MaGv], [TenLop]) VALUES (37, 2014, 2, 8, N'CT13', N'CTK37CD')
INSERT [dbo].[PhanCongGiangDay] ([IdPhanCong], [NamHoc], [HocKy], [MonHocId], [MaGv], [TenLop]) VALUES (38, 2014, 2, 9, N'CT09', N'CTK37CD')
INSERT [dbo].[PhanCongGiangDay] ([IdPhanCong], [NamHoc], [HocKy], [MonHocId], [MaGv], [TenLop]) VALUES (39, 2014, 2, 10, N'CT50', N'CTK37CD')
SET IDENTITY_INSERT [dbo].[PhanCongGiangDay] OFF


USE [ThucHanhCNTT]
GO
/****** Object:  Table [dbo].[TuanHoc]    Script Date: 04/23/2014 10:15:06 ******/
INSERT [dbo].[TuanHoc] ([SttTuan], [NgayBatDau], [DaLayThongTin], [DaXepLichThucHanh]) VALUES (1, CAST(0x0000A20A00000000 AS DateTime), 0, 0)
INSERT [dbo].[TuanHoc] ([SttTuan], [NgayBatDau], [DaLayThongTin], [DaXepLichThucHanh]) VALUES (2, CAST(0x0000A21100000000 AS DateTime), 0, 0)
INSERT [dbo].[TuanHoc] ([SttTuan], [NgayBatDau], [DaLayThongTin], [DaXepLichThucHanh]) VALUES (3, CAST(0x0000A21800000000 AS DateTime), 0, 0)
INSERT [dbo].[TuanHoc] ([SttTuan], [NgayBatDau], [DaLayThongTin], [DaXepLichThucHanh]) VALUES (4, CAST(0x0000A21F00000000 AS DateTime), 0, 0)
INSERT [dbo].[TuanHoc] ([SttTuan], [NgayBatDau], [DaLayThongTin], [DaXepLichThucHanh]) VALUES (5, CAST(0x0000A22600000000 AS DateTime), 0, 0)
INSERT [dbo].[TuanHoc] ([SttTuan], [NgayBatDau], [DaLayThongTin], [DaXepLichThucHanh]) VALUES (6, CAST(0x0000A22D00000000 AS DateTime), 0, 0)
INSERT [dbo].[TuanHoc] ([SttTuan], [NgayBatDau], [DaLayThongTin], [DaXepLichThucHanh]) VALUES (7, CAST(0x0000A23400000000 AS DateTime), 0, 0)
INSERT [dbo].[TuanHoc] ([SttTuan], [NgayBatDau], [DaLayThongTin], [DaXepLichThucHanh]) VALUES (8, CAST(0x0000A23B00000000 AS DateTime), 0, 0)
INSERT [dbo].[TuanHoc] ([SttTuan], [NgayBatDau], [DaLayThongTin], [DaXepLichThucHanh]) VALUES (9, CAST(0x0000A24200000000 AS DateTime), 0, 0)
INSERT [dbo].[TuanHoc] ([SttTuan], [NgayBatDau], [DaLayThongTin], [DaXepLichThucHanh]) VALUES (10, CAST(0x0000A24900000000 AS DateTime), 0, 0)
INSERT [dbo].[TuanHoc] ([SttTuan], [NgayBatDau], [DaLayThongTin], [DaXepLichThucHanh]) VALUES (11, CAST(0x0000A25000000000 AS DateTime), 0, 0)
INSERT [dbo].[TuanHoc] ([SttTuan], [NgayBatDau], [DaLayThongTin], [DaXepLichThucHanh]) VALUES (12, CAST(0x0000A25700000000 AS DateTime), 0, 0)
INSERT [dbo].[TuanHoc] ([SttTuan], [NgayBatDau], [DaLayThongTin], [DaXepLichThucHanh]) VALUES (13, CAST(0x0000A25E00000000 AS DateTime), 0, 0)
INSERT [dbo].[TuanHoc] ([SttTuan], [NgayBatDau], [DaLayThongTin], [DaXepLichThucHanh]) VALUES (14, CAST(0x0000A26500000000 AS DateTime), 0, 0)
INSERT [dbo].[TuanHoc] ([SttTuan], [NgayBatDau], [DaLayThongTin], [DaXepLichThucHanh]) VALUES (15, CAST(0x0000A26C00000000 AS DateTime), 0, 0)
INSERT [dbo].[TuanHoc] ([SttTuan], [NgayBatDau], [DaLayThongTin], [DaXepLichThucHanh]) VALUES (16, CAST(0x0000A27300000000 AS DateTime), 0, 0)
INSERT [dbo].[TuanHoc] ([SttTuan], [NgayBatDau], [DaLayThongTin], [DaXepLichThucHanh]) VALUES (17, CAST(0x0000A27A00000000 AS DateTime), 0, 0)
INSERT [dbo].[TuanHoc] ([SttTuan], [NgayBatDau], [DaLayThongTin], [DaXepLichThucHanh]) VALUES (18, CAST(0x0000A28100000000 AS DateTime), 0, 0)
INSERT [dbo].[TuanHoc] ([SttTuan], [NgayBatDau], [DaLayThongTin], [DaXepLichThucHanh]) VALUES (19, CAST(0x0000A28800000000 AS DateTime), 0, 0)
INSERT [dbo].[TuanHoc] ([SttTuan], [NgayBatDau], [DaLayThongTin], [DaXepLichThucHanh]) VALUES (20, CAST(0x0000A28F00000000 AS DateTime), 0, 0)
INSERT [dbo].[TuanHoc] ([SttTuan], [NgayBatDau], [DaLayThongTin], [DaXepLichThucHanh]) VALUES (21, CAST(0x0000A29600000000 AS DateTime), 0, 0)
INSERT [dbo].[TuanHoc] ([SttTuan], [NgayBatDau], [DaLayThongTin], [DaXepLichThucHanh]) VALUES (22, CAST(0x0000A29D00000000 AS DateTime), 0, 0)
INSERT [dbo].[TuanHoc] ([SttTuan], [NgayBatDau], [DaLayThongTin], [DaXepLichThucHanh]) VALUES (23, CAST(0x0000A2A400000000 AS DateTime), 0, 0)
INSERT [dbo].[TuanHoc] ([SttTuan], [NgayBatDau], [DaLayThongTin], [DaXepLichThucHanh]) VALUES (24, CAST(0x0000A2AB00000000 AS DateTime), 0, 0)
INSERT [dbo].[TuanHoc] ([SttTuan], [NgayBatDau], [DaLayThongTin], [DaXepLichThucHanh]) VALUES (25, CAST(0x0000A2B200000000 AS DateTime), 0, 0)
INSERT [dbo].[TuanHoc] ([SttTuan], [NgayBatDau], [DaLayThongTin], [DaXepLichThucHanh]) VALUES (26, CAST(0x0000A2B900000000 AS DateTime), 0, 0)
INSERT [dbo].[TuanHoc] ([SttTuan], [NgayBatDau], [DaLayThongTin], [DaXepLichThucHanh]) VALUES (27, CAST(0x0000A2C000000000 AS DateTime), 0, 0)
INSERT [dbo].[TuanHoc] ([SttTuan], [NgayBatDau], [DaLayThongTin], [DaXepLichThucHanh]) VALUES (28, CAST(0x0000A2C700000000 AS DateTime), 0, 0)
INSERT [dbo].[TuanHoc] ([SttTuan], [NgayBatDau], [DaLayThongTin], [DaXepLichThucHanh]) VALUES (29, CAST(0x0000A2CE00000000 AS DateTime), 0, 0)
INSERT [dbo].[TuanHoc] ([SttTuan], [NgayBatDau], [DaLayThongTin], [DaXepLichThucHanh]) VALUES (30, CAST(0x0000A2D500000000 AS DateTime), 0, 0)
INSERT [dbo].[TuanHoc] ([SttTuan], [NgayBatDau], [DaLayThongTin], [DaXepLichThucHanh]) VALUES (31, CAST(0x0000A2DC00000000 AS DateTime), 0, 0)
INSERT [dbo].[TuanHoc] ([SttTuan], [NgayBatDau], [DaLayThongTin], [DaXepLichThucHanh]) VALUES (32, CAST(0x0000A2E300000000 AS DateTime), 0, 0)
INSERT [dbo].[TuanHoc] ([SttTuan], [NgayBatDau], [DaLayThongTin], [DaXepLichThucHanh]) VALUES (33, CAST(0x0000A2EA00000000 AS DateTime), 0, 0)
INSERT [dbo].[TuanHoc] ([SttTuan], [NgayBatDau], [DaLayThongTin], [DaXepLichThucHanh]) VALUES (34, CAST(0x0000A2F100000000 AS DateTime), 1, 0)
INSERT [dbo].[TuanHoc] ([SttTuan], [NgayBatDau], [DaLayThongTin], [DaXepLichThucHanh]) VALUES (35, CAST(0x0000A2F800000000 AS DateTime), 1, 0)
INSERT [dbo].[TuanHoc] ([SttTuan], [NgayBatDau], [DaLayThongTin], [DaXepLichThucHanh]) VALUES (36, CAST(0x0000A2FF00000000 AS DateTime), 1, 0)
INSERT [dbo].[TuanHoc] ([SttTuan], [NgayBatDau], [DaLayThongTin], [DaXepLichThucHanh]) VALUES (37, CAST(0x0000A30600000000 AS DateTime), 1, 0)
INSERT [dbo].[TuanHoc] ([SttTuan], [NgayBatDau], [DaLayThongTin], [DaXepLichThucHanh]) VALUES (38, CAST(0x0000A30D00000000 AS DateTime), 1, 0)
INSERT [dbo].[TuanHoc] ([SttTuan], [NgayBatDau], [DaLayThongTin], [DaXepLichThucHanh]) VALUES (39, CAST(0x0000A31400000000 AS DateTime), 0, 0)
INSERT [dbo].[TuanHoc] ([SttTuan], [NgayBatDau], [DaLayThongTin], [DaXepLichThucHanh]) VALUES (40, CAST(0x0000A31B00000000 AS DateTime), 0, 0)
INSERT [dbo].[TuanHoc] ([SttTuan], [NgayBatDau], [DaLayThongTin], [DaXepLichThucHanh]) VALUES (41, CAST(0x0000A32200000000 AS DateTime), 0, 0)
INSERT [dbo].[TuanHoc] ([SttTuan], [NgayBatDau], [DaLayThongTin], [DaXepLichThucHanh]) VALUES (42, CAST(0x0000A32900000000 AS DateTime), 0, 0)
INSERT [dbo].[TuanHoc] ([SttTuan], [NgayBatDau], [DaLayThongTin], [DaXepLichThucHanh]) VALUES (43, CAST(0x0000A33000000000 AS DateTime), 0, 0)
INSERT [dbo].[TuanHoc] ([SttTuan], [NgayBatDau], [DaLayThongTin], [DaXepLichThucHanh]) VALUES (44, CAST(0x0000A33700000000 AS DateTime), 0, 0)
INSERT [dbo].[TuanHoc] ([SttTuan], [NgayBatDau], [DaLayThongTin], [DaXepLichThucHanh]) VALUES (45, CAST(0x0000A33E00000000 AS DateTime), 0, 0)
INSERT [dbo].[TuanHoc] ([SttTuan], [NgayBatDau], [DaLayThongTin], [DaXepLichThucHanh]) VALUES (46, CAST(0x0000A34500000000 AS DateTime), 0, 0)
INSERT [dbo].[TuanHoc] ([SttTuan], [NgayBatDau], [DaLayThongTin], [DaXepLichThucHanh]) VALUES (47, CAST(0x0000A34C00000000 AS DateTime), 0, 0)
INSERT [dbo].[TuanHoc] ([SttTuan], [NgayBatDau], [DaLayThongTin], [DaXepLichThucHanh]) VALUES (48, CAST(0x0000A35300000000 AS DateTime), 0, 0)
INSERT [dbo].[TuanHoc] ([SttTuan], [NgayBatDau], [DaLayThongTin], [DaXepLichThucHanh]) VALUES (49, CAST(0x0000A35A00000000 AS DateTime), 0, 0)
INSERT [dbo].[TuanHoc] ([SttTuan], [NgayBatDau], [DaLayThongTin], [DaXepLichThucHanh]) VALUES (50, CAST(0x0000A36100000000 AS DateTime), 0, 0)
INSERT [dbo].[TuanHoc] ([SttTuan], [NgayBatDau], [DaLayThongTin], [DaXepLichThucHanh]) VALUES (51, CAST(0x0000A36800000000 AS DateTime), 0, 0)
INSERT [dbo].[TuanHoc] ([SttTuan], [NgayBatDau], [DaLayThongTin], [DaXepLichThucHanh]) VALUES (52, CAST(0x0000A36F00000000 AS DateTime), 0, 0)
INSERT [dbo].[TuanHoc] ([SttTuan], [NgayBatDau], [DaLayThongTin], [DaXepLichThucHanh]) VALUES (53, CAST(0x0000A37600000000 AS DateTime), 0, 0)
/****** Object:  Table [dbo].[TkbGiangVien]    Script Date: 04/23/2014 10:15:06 ******/
SET IDENTITY_INSERT [dbo].[TkbGiangVien] ON
INSERT [dbo].[TkbGiangVien] ([MaTkb], [TenMonHoc], [Phong], [LopHoc], [TietBatDau], [TietKetThuc], [MaGv], [SttTuan], [NgayTrongTuan]) VALUES (68, N'Quản trị dự án công nghệ TT', N'A30.5', N'CTK34B', 1, 4, N'CT46', 38, 1)
INSERT [dbo].[TkbGiangVien] ([MaTkb], [TenMonHoc], [Phong], [LopHoc], [TietBatDau], [TietKetThuc], [MaGv], [SttTuan], [NgayTrongTuan]) VALUES (69, N'Lập trình Web nâng cao', N'A30.6', N'CTK34B', 7, 10, N'CT13', 38, 1)
INSERT [dbo].[TkbGiangVien] ([MaTkb], [TenMonHoc], [Phong], [LopHoc], [TietBatDau], [TietKetThuc], [MaGv], [SttTuan], [NgayTrongTuan]) VALUES (70, N'Chuyên đề 1 (kỹ thuật phần mềm', N'A31201', N'CTK34B', 1, 5, N'TN15', 38, 2)
INSERT [dbo].[TkbGiangVien] ([MaTkb], [TenMonHoc], [Phong], [LopHoc], [TietBatDau], [TietKetThuc], [MaGv], [SttTuan], [NgayTrongTuan]) VALUES (71, N'Quản trị dự án công nghệ TT', N'A30.4', N'CTK34B', 7, 10, N'CT46', 38, 3)
INSERT [dbo].[TkbGiangVien] ([MaTkb], [TenMonHoc], [Phong], [LopHoc], [TietBatDau], [TietKetThuc], [MaGv], [SttTuan], [NgayTrongTuan]) VALUES (76, N'Lập trình Web nâng cao', N'A27.10', N'CTK34B', 7, 10, N'CT13', 38, 5)
INSERT [dbo].[TkbGiangVien] ([MaTkb], [TenMonHoc], [Phong], [LopHoc], [TietBatDau], [TietKetThuc], [MaGv], [SttTuan], [NgayTrongTuan]) VALUES (77, N'Chuyên đề 2 (mạng và truyền th', N'A31201', N'CTK34A', 1, 5, N'CT65', 38, 0)
INSERT [dbo].[TkbGiangVien] ([MaTkb], [TenMonHoc], [Phong], [LopHoc], [TietBatDau], [TietKetThuc], [MaGv], [SttTuan], [NgayTrongTuan]) VALUES (78, N'Bảo mật mạng', N'A31301', N'CTK34A', 7, 10, N'CT07', 38, 0)
INSERT [dbo].[TkbGiangVien] ([MaTkb], [TenMonHoc], [Phong], [LopHoc], [TietBatDau], [TietKetThuc], [MaGv], [SttTuan], [NgayTrongTuan]) VALUES (82, N'Bảo mật mạng', N'A30.5', N'CTK34A', 1, 4, N'CT07', 38, 3)
INSERT [dbo].[TkbGiangVien] ([MaTkb], [TenMonHoc], [Phong], [LopHoc], [TietBatDau], [TietKetThuc], [MaGv], [SttTuan], [NgayTrongTuan]) VALUES (94, N'Cấu trúc dữ liệu và thuật giải', N'A31205', N'CTK36', 7, 10, N'TN15', 38, 4)
INSERT [dbo].[TkbGiangVien] ([MaTkb], [TenMonHoc], [Phong], [LopHoc], [TietBatDau], [TietKetThuc], [MaGv], [SttTuan], [NgayTrongTuan]) VALUES (101, N'Chuyên đề 1', N'A31205', N'CTK36CD', 7, 10, N'CT07', 38, 5)
INSERT [dbo].[TkbGiangVien] ([MaTkb], [TenMonHoc], [Phong], [LopHoc], [TietBatDau], [TietKetThuc], [MaGv], [SttTuan], [NgayTrongTuan]) VALUES (103, N'Lập trình cấu trúc với C/C++', N'A31303', N'CTK37', 1, 3, N'TN15', 38, 1)
INSERT [dbo].[TkbGiangVien] ([MaTkb], [TenMonHoc], [Phong], [LopHoc], [TietBatDau], [TietKetThuc], [MaGv], [SttTuan], [NgayTrongTuan]) VALUES (110, N'Kiến trúc và tổ chức máy tính', N'A30.7', N'CTK37CD', 7, 10, N'CT09', 38, 1)
INSERT [dbo].[TkbGiangVien] ([MaTkb], [TenMonHoc], [Phong], [LopHoc], [TietBatDau], [TietKetThuc], [MaGv], [SttTuan], [NgayTrongTuan]) VALUES (114, N'Kiến trúc và tổ chức máy tính', N'A27.12', N'CTK37CD', 7, 10, N'CT09', 38, 5)
INSERT [dbo].[TkbGiangVien] ([MaTkb], [TenMonHoc], [Phong], [LopHoc], [TietBatDau], [TietKetThuc], [MaGv], [SttTuan], [NgayTrongTuan]) VALUES (115, N'TH. Tin học cơ sở', N'A21.3', NULL, 11, 13, N'CT07', 38, 1)
INSERT [dbo].[TkbGiangVien] ([MaTkb], [TenMonHoc], [Phong], [LopHoc], [TietBatDau], [TietKetThuc], [MaGv], [SttTuan], [NgayTrongTuan]) VALUES (116, N'TH. Tin học cơ sở', N'A21.3', NULL, 11, 13, N'CT07', 38, 4)
INSERT [dbo].[TkbGiangVien] ([MaTkb], [TenMonHoc], [Phong], [LopHoc], [TietBatDau], [TietKetThuc], [MaGv], [SttTuan], [NgayTrongTuan]) VALUES (117, N'Đo lường điện tử', N'A8.7.1', NULL, 1, 4, N'TN16', 38, 1)
INSERT [dbo].[TkbGiangVien] ([MaTkb], [TenMonHoc], [Phong], [LopHoc], [TietBatDau], [TietKetThuc], [MaGv], [SttTuan], [NgayTrongTuan]) VALUES (118, N'Điện tử tương tự', N'A31302', NULL, 7, 10, N'TN16', 38, 1)
INSERT [dbo].[TkbGiangVien] ([MaTkb], [TenMonHoc], [Phong], [LopHoc], [TietBatDau], [TietKetThuc], [MaGv], [SttTuan], [NgayTrongTuan]) VALUES (119, N'Cơ sở kỹ thuật điện tử', N'A27.2', NULL, 7, 10, N'TN16', 38, 3)
INSERT [dbo].[TkbGiangVien] ([MaTkb], [TenMonHoc], [Phong], [LopHoc], [TietBatDau], [TietKetThuc], [MaGv], [SttTuan], [NgayTrongTuan]) VALUES (120, N'Đo lường điện tử', N'A8.7.1', NULL, 1, 4, N'TN16', 38, 4)
INSERT [dbo].[TkbGiangVien] ([MaTkb], [TenMonHoc], [Phong], [LopHoc], [TietBatDau], [TietKetThuc], [MaGv], [SttTuan], [NgayTrongTuan]) VALUES (121, N'Cơ sở kỹ thuật điện tử', N'A31303', NULL, 1, 4, N'TN16', 38, 5)
INSERT [dbo].[TkbGiangVien] ([MaTkb], [TenMonHoc], [Phong], [LopHoc], [TietBatDau], [TietKetThuc], [MaGv], [SttTuan], [NgayTrongTuan]) VALUES (122, N'Điện tử tương tự', N'A27.5', NULL, 7, 10, N'TN16', 38, 5)
INSERT [dbo].[TkbGiangVien] ([MaTkb], [TenMonHoc], [Phong], [LopHoc], [TietBatDau], [TietKetThuc], [MaGv], [SttTuan], [NgayTrongTuan]) VALUES (123, N'Thực tập chuyên đề 1', N'A21.3', NULL, 11, 14, N'TN20', 38, 0)
INSERT [dbo].[TkbGiangVien] ([MaTkb], [TenMonHoc], [Phong], [LopHoc], [TietBatDau], [TietKetThuc], [MaGv], [SttTuan], [NgayTrongTuan]) VALUES (124, N'Thương mại điện tử', N'A31104', NULL, 7, 10, N'TN15', 38, 3)
INSERT [dbo].[TkbGiangVien] ([MaTkb], [TenMonHoc], [Phong], [LopHoc], [TietBatDau], [TietKetThuc], [MaGv], [SttTuan], [NgayTrongTuan]) VALUES (125, N'Công nghệ phần mềm', N'A27.2', NULL, 1, 3, N'TN15', 38, 4)
INSERT [dbo].[TkbGiangVien] ([MaTkb], [TenMonHoc], [Phong], [LopHoc], [TietBatDau], [TietKetThuc], [MaGv], [SttTuan], [NgayTrongTuan]) VALUES (126, N'Tin học cơ sở', N'A27.1', NULL, 7, 10, N'CT65', 38, 1)
INSERT [dbo].[TkbGiangVien] ([MaTkb], [TenMonHoc], [Phong], [LopHoc], [TietBatDau], [TietKetThuc], [MaGv], [SttTuan], [NgayTrongTuan]) VALUES (127, N'Tin học cơ sở', N'A27.11', NULL, 7, 10, N'CT65', 38, 4)
INSERT [dbo].[TkbGiangVien] ([MaTkb], [TenMonHoc], [Phong], [LopHoc], [TietBatDau], [TietKetThuc], [MaGv], [SttTuan], [NgayTrongTuan]) VALUES (128, N'Xác suất - Thống kê', N'A27.4', NULL, 1, 4, N'TN22', 38, 0)
INSERT [dbo].[TkbGiangVien] ([MaTkb], [TenMonHoc], [Phong], [LopHoc], [TietBatDau], [TietKetThuc], [MaGv], [SttTuan], [NgayTrongTuan]) VALUES (129, N'TH. Nhập môn trí tuệ nhân tạo', N'A24LAU', NULL, 1, 4, N'TN22', 38, 1)
INSERT [dbo].[TkbGiangVien] ([MaTkb], [TenMonHoc], [Phong], [LopHoc], [TietBatDau], [TietKetThuc], [MaGv], [SttTuan], [NgayTrongTuan]) VALUES (130, N'Xác suất - Thống kê', N'A31204', NULL, 1, 4, N'TN22', 38, 3)
INSERT [dbo].[TkbGiangVien] ([MaTkb], [TenMonHoc], [Phong], [LopHoc], [TietBatDau], [TietKetThuc], [MaGv], [SttTuan], [NgayTrongTuan]) VALUES (131, N'TH. Nhập môn trí tuệ nhân tạo', N'A24LAU', NULL, 1, 4, N'TN22', 38, 6)
INSERT [dbo].[TkbGiangVien] ([MaTkb], [TenMonHoc], [Phong], [LopHoc], [TietBatDau], [TietKetThuc], [MaGv], [SttTuan], [NgayTrongTuan]) VALUES (132, N'Thương mại điện tử', N'A27.12', NULL, 1, 4, N'CT46', 38, 0)
INSERT [dbo].[TkbGiangVien] ([MaTkb], [TenMonHoc], [Phong], [LopHoc], [TietBatDau], [TietKetThuc], [MaGv], [SttTuan], [NgayTrongTuan]) VALUES (133, N'Tin học cơ sở', N'A31206', NULL, 7, 10, N'CT46', 38, 2)
INSERT [dbo].[TkbGiangVien] ([MaTkb], [TenMonHoc], [Phong], [LopHoc], [TietBatDau], [TietKetThuc], [MaGv], [SttTuan], [NgayTrongTuan]) VALUES (134, N'Thương mại điện tử', N'A31302', NULL, 1, 4, N'CT46', 38, 3)
INSERT [dbo].[TkbGiangVien] ([MaTkb], [TenMonHoc], [Phong], [LopHoc], [TietBatDau], [TietKetThuc], [MaGv], [SttTuan], [NgayTrongTuan]) VALUES (135, N'Tin học cơ sở', N'A27.10', NULL, 7, 10, N'CT46', 38, 4)
INSERT [dbo].[TkbGiangVien] ([MaTkb], [TenMonHoc], [Phong], [LopHoc], [TietBatDau], [TietKetThuc], [MaGv], [SttTuan], [NgayTrongTuan]) VALUES (136, N'Tin học cơ sở', N'A31105', NULL, 1, 4, N'CT09', 38, 2)
INSERT [dbo].[TkbGiangVien] ([MaTkb], [TenMonHoc], [Phong], [LopHoc], [TietBatDau], [TietKetThuc], [MaGv], [SttTuan], [NgayTrongTuan]) VALUES (137, N'Tin học cơ sở', N'A31205', NULL, 11, 13, N'CT09', 38, 2)
INSERT [dbo].[TkbGiangVien] ([MaTkb], [TenMonHoc], [Phong], [LopHoc], [TietBatDau], [TietKetThuc], [MaGv], [SttTuan], [NgayTrongTuan]) VALUES (138, N'Tin học cơ sở', N'A31205', NULL, 11, 13, N'CT09', 38, 4)
INSERT [dbo].[TkbGiangVien] ([MaTkb], [TenMonHoc], [Phong], [LopHoc], [TietBatDau], [TietKetThuc], [MaGv], [SttTuan], [NgayTrongTuan]) VALUES (139, N'Tin học cơ sở', N'A20105', NULL, 1, 4, N'CT09', 38, 5)
INSERT [dbo].[TkbGiangVien] ([MaTkb], [TenMonHoc], [Phong], [LopHoc], [TietBatDau], [TietKetThuc], [MaGv], [SttTuan], [NgayTrongTuan]) VALUES (140, N'Tin học cơ sở', N'A27.8', NULL, 11, 13, N'CT09', 38, 5)
INSERT [dbo].[TkbGiangVien] ([MaTkb], [TenMonHoc], [Phong], [LopHoc], [TietBatDau], [TietKetThuc], [MaGv], [SttTuan], [NgayTrongTuan]) VALUES (142, N'Quản trị dự án công nghệ TT', N'A30.5', N'CTK34B', 1, 4, N'CT46', 38, 1)
INSERT [dbo].[TkbGiangVien] ([MaTkb], [TenMonHoc], [Phong], [LopHoc], [TietBatDau], [TietKetThuc], [MaGv], [SttTuan], [NgayTrongTuan]) VALUES (143, N'Lập trình Web nâng cao', N'A30.6', N'CTK34B', 7, 10, N'CT13', 38, 1)
INSERT [dbo].[TkbGiangVien] ([MaTkb], [TenMonHoc], [Phong], [LopHoc], [TietBatDau], [TietKetThuc], [MaGv], [SttTuan], [NgayTrongTuan]) VALUES (144, N'Chuyên đề 1 (kỹ thuật phần mềm', N'A31201', N'CTK34B', 1, 5, N'TN15', 38, 2)
INSERT [dbo].[TkbGiangVien] ([MaTkb], [TenMonHoc], [Phong], [LopHoc], [TietBatDau], [TietKetThuc], [MaGv], [SttTuan], [NgayTrongTuan]) VALUES (145, N'Quản trị dự án công nghệ TT', N'A30.4', N'CTK34B', 7, 10, N'CT46', 38, 3)
INSERT [dbo].[TkbGiangVien] ([MaTkb], [TenMonHoc], [Phong], [LopHoc], [TietBatDau], [TietKetThuc], [MaGv], [SttTuan], [NgayTrongTuan]) VALUES (150, N'Lập trình Web nâng cao', N'A27.10', N'CTK34B', 7, 10, N'CT13', 38, 5)
INSERT [dbo].[TkbGiangVien] ([MaTkb], [TenMonHoc], [Phong], [LopHoc], [TietBatDau], [TietKetThuc], [MaGv], [SttTuan], [NgayTrongTuan]) VALUES (160, N'Cấu trúc dữ liệu và thuật giải', N'A31205', N'CTK36', 7, 10, N'TN15', 38, 4)
INSERT [dbo].[TkbGiangVien] ([MaTkb], [TenMonHoc], [Phong], [LopHoc], [TietBatDau], [TietKetThuc], [MaGv], [SttTuan], [NgayTrongTuan]) VALUES (167, N'Chuyên đề 1', N'A31205', N'CTK36CD', 7, 10, N'CT07', 38, 5)
INSERT [dbo].[TkbGiangVien] ([MaTkb], [TenMonHoc], [Phong], [LopHoc], [TietBatDau], [TietKetThuc], [MaGv], [SttTuan], [NgayTrongTuan]) VALUES (169, N'Lập trình cấu trúc với C/C++', N'A31303', N'CTK37', 1, 3, N'TN15', 38, 1)
INSERT [dbo].[TkbGiangVien] ([MaTkb], [TenMonHoc], [Phong], [LopHoc], [TietBatDau], [TietKetThuc], [MaGv], [SttTuan], [NgayTrongTuan]) VALUES (176, N'Chuyên đề 2 (mạng và truyền th', N'A31201', N'CTK34A', 1, 5, N'CT65', 38, 0)
INSERT [dbo].[TkbGiangVien] ([MaTkb], [TenMonHoc], [Phong], [LopHoc], [TietBatDau], [TietKetThuc], [MaGv], [SttTuan], [NgayTrongTuan]) VALUES (177, N'Bảo mật mạng', N'A31301', N'CTK34A', 7, 10, N'CT07', 38, 0)
INSERT [dbo].[TkbGiangVien] ([MaTkb], [TenMonHoc], [Phong], [LopHoc], [TietBatDau], [TietKetThuc], [MaGv], [SttTuan], [NgayTrongTuan]) VALUES (181, N'Bảo mật mạng', N'A30.5', N'CTK34A', 1, 4, N'CT07', 38, 3)
INSERT [dbo].[TkbGiangVien] ([MaTkb], [TenMonHoc], [Phong], [LopHoc], [TietBatDau], [TietKetThuc], [MaGv], [SttTuan], [NgayTrongTuan]) VALUES (184, N'Kiến trúc và tổ chức máy tính', N'A30.7', N'CTK37CD', 7, 10, N'CT09', 38, 1)
INSERT [dbo].[TkbGiangVien] ([MaTkb], [TenMonHoc], [Phong], [LopHoc], [TietBatDau], [TietKetThuc], [MaGv], [SttTuan], [NgayTrongTuan]) VALUES (188, N'Kiến trúc và tổ chức máy tính', N'A27.12', N'CTK37CD', 7, 10, N'CT09', 38, 5)
INSERT [dbo].[TkbGiangVien] ([MaTkb], [TenMonHoc], [Phong], [LopHoc], [TietBatDau], [TietKetThuc], [MaGv], [SttTuan], [NgayTrongTuan]) VALUES (189, N'TH. Tin học cơ sở', N'A21.3', NULL, 11, 13, N'CT07', 38, 1)
INSERT [dbo].[TkbGiangVien] ([MaTkb], [TenMonHoc], [Phong], [LopHoc], [TietBatDau], [TietKetThuc], [MaGv], [SttTuan], [NgayTrongTuan]) VALUES (190, N'TH. Tin học cơ sở', N'A21.3', NULL, 11, 13, N'CT07', 38, 4)
INSERT [dbo].[TkbGiangVien] ([MaTkb], [TenMonHoc], [Phong], [LopHoc], [TietBatDau], [TietKetThuc], [MaGv], [SttTuan], [NgayTrongTuan]) VALUES (191, N'Thương mại điện tử', N'A31104', NULL, 7, 10, N'TN15', 38, 3)
INSERT [dbo].[TkbGiangVien] ([MaTkb], [TenMonHoc], [Phong], [LopHoc], [TietBatDau], [TietKetThuc], [MaGv], [SttTuan], [NgayTrongTuan]) VALUES (192, N'Công nghệ phần mềm', N'A27.2', NULL, 1, 3, N'TN15', 38, 4)
INSERT [dbo].[TkbGiangVien] ([MaTkb], [TenMonHoc], [Phong], [LopHoc], [TietBatDau], [TietKetThuc], [MaGv], [SttTuan], [NgayTrongTuan]) VALUES (193, N'Đo lường điện tử', N'A8.7.1', NULL, 1, 4, N'TN16', 38, 1)
INSERT [dbo].[TkbGiangVien] ([MaTkb], [TenMonHoc], [Phong], [LopHoc], [TietBatDau], [TietKetThuc], [MaGv], [SttTuan], [NgayTrongTuan]) VALUES (194, N'Điện tử tương tự', N'A31302', NULL, 7, 10, N'TN16', 38, 1)
INSERT [dbo].[TkbGiangVien] ([MaTkb], [TenMonHoc], [Phong], [LopHoc], [TietBatDau], [TietKetThuc], [MaGv], [SttTuan], [NgayTrongTuan]) VALUES (195, N'Cơ sở kỹ thuật điện tử', N'A27.2', NULL, 7, 10, N'TN16', 38, 3)
INSERT [dbo].[TkbGiangVien] ([MaTkb], [TenMonHoc], [Phong], [LopHoc], [TietBatDau], [TietKetThuc], [MaGv], [SttTuan], [NgayTrongTuan]) VALUES (196, N'Đo lường điện tử', N'A8.7.1', NULL, 1, 4, N'TN16', 38, 4)
INSERT [dbo].[TkbGiangVien] ([MaTkb], [TenMonHoc], [Phong], [LopHoc], [TietBatDau], [TietKetThuc], [MaGv], [SttTuan], [NgayTrongTuan]) VALUES (197, N'Cơ sở kỹ thuật điện tử', N'A31303', NULL, 1, 4, N'TN16', 38, 5)
INSERT [dbo].[TkbGiangVien] ([MaTkb], [TenMonHoc], [Phong], [LopHoc], [TietBatDau], [TietKetThuc], [MaGv], [SttTuan], [NgayTrongTuan]) VALUES (198, N'Điện tử tương tự', N'A27.5', NULL, 7, 10, N'TN16', 38, 5)
INSERT [dbo].[TkbGiangVien] ([MaTkb], [TenMonHoc], [Phong], [LopHoc], [TietBatDau], [TietKetThuc], [MaGv], [SttTuan], [NgayTrongTuan]) VALUES (199, N'Tin học cơ sở', N'A27.1', NULL, 7, 10, N'CT65', 38, 1)
INSERT [dbo].[TkbGiangVien] ([MaTkb], [TenMonHoc], [Phong], [LopHoc], [TietBatDau], [TietKetThuc], [MaGv], [SttTuan], [NgayTrongTuan]) VALUES (200, N'Tin học cơ sở', N'A27.11', NULL, 7, 10, N'CT65', 38, 4)
INSERT [dbo].[TkbGiangVien] ([MaTkb], [TenMonHoc], [Phong], [LopHoc], [TietBatDau], [TietKetThuc], [MaGv], [SttTuan], [NgayTrongTuan]) VALUES (201, N'Xác suất - Thống kê', N'A27.4', NULL, 1, 4, N'TN22', 38, 0)
INSERT [dbo].[TkbGiangVien] ([MaTkb], [TenMonHoc], [Phong], [LopHoc], [TietBatDau], [TietKetThuc], [MaGv], [SttTuan], [NgayTrongTuan]) VALUES (202, N'TH. Nhập môn trí tuệ nhân tạo', N'A24LAU', NULL, 1, 4, N'TN22', 38, 1)
INSERT [dbo].[TkbGiangVien] ([MaTkb], [TenMonHoc], [Phong], [LopHoc], [TietBatDau], [TietKetThuc], [MaGv], [SttTuan], [NgayTrongTuan]) VALUES (203, N'Xác suất - Thống kê', N'A31204', NULL, 1, 4, N'TN22', 38, 3)
INSERT [dbo].[TkbGiangVien] ([MaTkb], [TenMonHoc], [Phong], [LopHoc], [TietBatDau], [TietKetThuc], [MaGv], [SttTuan], [NgayTrongTuan]) VALUES (204, N'TH. Nhập môn trí tuệ nhân tạo', N'A24LAU', NULL, 1, 4, N'TN22', 38, 6)
INSERT [dbo].[TkbGiangVien] ([MaTkb], [TenMonHoc], [Phong], [LopHoc], [TietBatDau], [TietKetThuc], [MaGv], [SttTuan], [NgayTrongTuan]) VALUES (205, N'Thực tập chuyên đề 1', N'A21.3', NULL, 11, 14, N'TN20', 38, 0)
INSERT [dbo].[TkbGiangVien] ([MaTkb], [TenMonHoc], [Phong], [LopHoc], [TietBatDau], [TietKetThuc], [MaGv], [SttTuan], [NgayTrongTuan]) VALUES (206, N'Thương mại điện tử', N'A27.12', NULL, 1, 4, N'CT46', 38, 0)
INSERT [dbo].[TkbGiangVien] ([MaTkb], [TenMonHoc], [Phong], [LopHoc], [TietBatDau], [TietKetThuc], [MaGv], [SttTuan], [NgayTrongTuan]) VALUES (207, N'Tin học cơ sở', N'A31206', NULL, 7, 10, N'CT46', 38, 2)
INSERT [dbo].[TkbGiangVien] ([MaTkb], [TenMonHoc], [Phong], [LopHoc], [TietBatDau], [TietKetThuc], [MaGv], [SttTuan], [NgayTrongTuan]) VALUES (208, N'Thương mại điện tử', N'A31302', NULL, 1, 4, N'CT46', 38, 3)
INSERT [dbo].[TkbGiangVien] ([MaTkb], [TenMonHoc], [Phong], [LopHoc], [TietBatDau], [TietKetThuc], [MaGv], [SttTuan], [NgayTrongTuan]) VALUES (209, N'Tin học cơ sở', N'A27.10', NULL, 7, 10, N'CT46', 38, 4)
INSERT [dbo].[TkbGiangVien] ([MaTkb], [TenMonHoc], [Phong], [LopHoc], [TietBatDau], [TietKetThuc], [MaGv], [SttTuan], [NgayTrongTuan]) VALUES (210, N'Tin học cơ sở', N'A31105', NULL, 1, 4, N'CT09', 38, 2)
INSERT [dbo].[TkbGiangVien] ([MaTkb], [TenMonHoc], [Phong], [LopHoc], [TietBatDau], [TietKetThuc], [MaGv], [SttTuan], [NgayTrongTuan]) VALUES (211, N'Tin học cơ sở', N'A31205', NULL, 11, 13, N'CT09', 38, 2)
INSERT [dbo].[TkbGiangVien] ([MaTkb], [TenMonHoc], [Phong], [LopHoc], [TietBatDau], [TietKetThuc], [MaGv], [SttTuan], [NgayTrongTuan]) VALUES (212, N'Tin học cơ sở', N'A31205', NULL, 11, 13, N'CT09', 38, 4)
INSERT [dbo].[TkbGiangVien] ([MaTkb], [TenMonHoc], [Phong], [LopHoc], [TietBatDau], [TietKetThuc], [MaGv], [SttTuan], [NgayTrongTuan]) VALUES (213, N'Tin học cơ sở', N'A20105', NULL, 1, 4, N'CT09', 38, 5)
INSERT [dbo].[TkbGiangVien] ([MaTkb], [TenMonHoc], [Phong], [LopHoc], [TietBatDau], [TietKetThuc], [MaGv], [SttTuan], [NgayTrongTuan]) VALUES (214, N'Tin học cơ sở', N'A27.8', NULL, 11, 13, N'CT09', 38, 5)
INSERT [dbo].[TkbGiangVien] ([MaTkb], [TenMonHoc], [Phong], [LopHoc], [TietBatDau], [TietKetThuc], [MaGv], [SttTuan], [NgayTrongTuan]) VALUES (217, N'Lập trình cấu trúc với C/C++', N'A31303', N'CTK37', 1, 3, N'TN15', 35, 1)
INSERT [dbo].[TkbGiangVien] ([MaTkb], [TenMonHoc], [Phong], [LopHoc], [TietBatDau], [TietKetThuc], [MaGv], [SttTuan], [NgayTrongTuan]) VALUES (220, N'Thực hành kỹ năng máy tính', N'A27.4', N'CTK37', 1, 3, N'CT60', 35, 3)
INSERT [dbo].[TkbGiangVien] ([MaTkb], [TenMonHoc], [Phong], [LopHoc], [TietBatDau], [TietKetThuc], [MaGv], [SttTuan], [NgayTrongTuan]) VALUES (222, N'Lập trình cấu trúc với C/C++', N'A31303', N'CTK37', 1, 3, N'TN15', 35, 4)
INSERT [dbo].[TkbGiangVien] ([MaTkb], [TenMonHoc], [Phong], [LopHoc], [TietBatDau], [TietKetThuc], [MaGv], [SttTuan], [NgayTrongTuan]) VALUES (223, N'Kiến trúc và tổ chức máy tính', N'A27.10', N'CTK37', 1, 5, N'TN16', 35, 5)
INSERT [dbo].[TkbGiangVien] ([MaTkb], [TenMonHoc], [Phong], [LopHoc], [TietBatDau], [TietKetThuc], [MaGv], [SttTuan], [NgayTrongTuan]) VALUES (224, N'Chuyên đề 2 (mạng và truyền th', N'A20104', N'CTK34A', 1, 4, N'CT65', 35, 0)
INSERT [dbo].[TkbGiangVien] ([MaTkb], [TenMonHoc], [Phong], [LopHoc], [TietBatDau], [TietKetThuc], [MaGv], [SttTuan], [NgayTrongTuan]) VALUES (225, N'Bảo mật mạng', N'A31301', N'CTK34A', 7, 10, N'CT07', 35, 0)
INSERT [dbo].[TkbGiangVien] ([MaTkb], [TenMonHoc], [Phong], [LopHoc], [TietBatDau], [TietKetThuc], [MaGv], [SttTuan], [NgayTrongTuan]) VALUES (231, N'Quản trị mạng', N'A27.12', N'CTK34A', 1, 5, N'CT02', 35, 4)
INSERT [dbo].[TkbGiangVien] ([MaTkb], [TenMonHoc], [Phong], [LopHoc], [TietBatDau], [TietKetThuc], [MaGv], [SttTuan], [NgayTrongTuan]) VALUES (232, N'Bảo mật mạng', N'A8.7.1', N'CTK34A', 7, 10, N'CT07', 35, 4)
INSERT [dbo].[TkbGiangVien] ([MaTkb], [TenMonHoc], [Phong], [LopHoc], [TietBatDau], [TietKetThuc], [MaGv], [SttTuan], [NgayTrongTuan]) VALUES (235, N'Công cụ và môi trường lập trìn', N'A31205', N'CTK36CD', 7, 10, N'CT28', 35, 1)
INSERT [dbo].[TkbGiangVien] ([MaTkb], [TenMonHoc], [Phong], [LopHoc], [TietBatDau], [TietKetThuc], [MaGv], [SttTuan], [NgayTrongTuan]) VALUES (236, N'Hệ điều hành', N'A27.1', N'CTK36CD', 1, 5, N'CT02', 35, 2)
INSERT [dbo].[TkbGiangVien] ([MaTkb], [TenMonHoc], [Phong], [LopHoc], [TietBatDau], [TietKetThuc], [MaGv], [SttTuan], [NgayTrongTuan]) VALUES (237, N'Chuyên đề 1', N'A31105', N'CTK36CD', 7, 10, N'CT07', 35, 2)
INSERT [dbo].[TkbGiangVien] ([MaTkb], [TenMonHoc], [Phong], [LopHoc], [TietBatDau], [TietKetThuc], [MaGv], [SttTuan], [NgayTrongTuan]) VALUES (240, N'Photoshop', N'A21.3', N'CTK36CD', 7, 9, N'CT59', 35, 4)
INSERT [dbo].[TkbGiangVien] ([MaTkb], [TenMonHoc], [Phong], [LopHoc], [TietBatDau], [TietKetThuc], [MaGv], [SttTuan], [NgayTrongTuan]) VALUES (241, N'Lập trình hướng đối tượng', N'A31303', N'CTK36', 7, 9, N'CT13', 35, 0)
INSERT [dbo].[TkbGiangVien] ([MaTkb], [TenMonHoc], [Phong], [LopHoc], [TietBatDau], [TietKetThuc], [MaGv], [SttTuan], [NgayTrongTuan]) VALUES (243, N'Cấu trúc dữ liệu và thuật giải', N'A31205', N'CTK36', 1, 4, N'TN15', 35, 2)
INSERT [dbo].[TkbGiangVien] ([MaTkb], [TenMonHoc], [Phong], [LopHoc], [TietBatDau], [TietKetThuc], [MaGv], [SttTuan], [NgayTrongTuan]) VALUES (245, N'Lập trình hướng đối tượng', N'A31205', N'CTK36', 7, 9, N'CT13', 35, 3)
INSERT [dbo].[TkbGiangVien] ([MaTkb], [TenMonHoc], [Phong], [LopHoc], [TietBatDau], [TietKetThuc], [MaGv], [SttTuan], [NgayTrongTuan]) VALUES (246, N'Cấu trúc dữ liệu và thuật giải', N'A31205', N'CTK36', 7, 10, N'TN15', 35, 4)
INSERT [dbo].[TkbGiangVien] ([MaTkb], [TenMonHoc], [Phong], [LopHoc], [TietBatDau], [TietKetThuc], [MaGv], [SttTuan], [NgayTrongTuan]) VALUES (247, N'Chuyên đề 1 (kỹ thuật phần mềm', N'A30.4', N'CTK34B', 7, 10, N'TN15', 35, 0)
INSERT [dbo].[TkbGiangVien] ([MaTkb], [TenMonHoc], [Phong], [LopHoc], [TietBatDau], [TietKetThuc], [MaGv], [SttTuan], [NgayTrongTuan]) VALUES (248, N'Quản trị dự án công nghệ TT', N'A31204', N'CTK34B', 7, 10, N'CT46', 35, 1)
INSERT [dbo].[TkbGiangVien] ([MaTkb], [TenMonHoc], [Phong], [LopHoc], [TietBatDau], [TietKetThuc], [MaGv], [SttTuan], [NgayTrongTuan]) VALUES (249, N'Quản trị dự án công nghệ TT', N'A7.6', N'CTK34B', 7, 10, N'CT46', 35, 3)
INSERT [dbo].[TkbGiangVien] ([MaTkb], [TenMonHoc], [Phong], [LopHoc], [TietBatDau], [TietKetThuc], [MaGv], [SttTuan], [NgayTrongTuan]) VALUES (250, N'Trí tuệ nhân tạo', N'A20101', N'CTK35', 1, 5, N'TN22', 35, 0)
INSERT [dbo].[TkbGiangVien] ([MaTkb], [TenMonHoc], [Phong], [LopHoc], [TietBatDau], [TietKetThuc], [MaGv], [SttTuan], [NgayTrongTuan]) VALUES (252, N'Chuyên đề cơ sở 1', N'A7.1', N'CTK35', 1, 4, N'CT46', 35, 1)
INSERT [dbo].[TkbGiangVien] ([MaTkb], [TenMonHoc], [Phong], [LopHoc], [TietBatDau], [TietKetThuc], [MaGv], [SttTuan], [NgayTrongTuan]) VALUES (253, N'Phát triển ứng dụng web với.NE', N'A7.8', N'CTK35', 7, 9, N'CT25', 35, 1)
GO
print 'Processed 100 total records'
INSERT [dbo].[TkbGiangVien] ([MaTkb], [TenMonHoc], [Phong], [LopHoc], [TietBatDau], [TietKetThuc], [MaGv], [SttTuan], [NgayTrongTuan]) VALUES (255, N'Lập trình cơ sở dữ liệu', N'A27.12', N'CTK35', 1, 4, N'CT28', 35, 2)
INSERT [dbo].[TkbGiangVien] ([MaTkb], [TenMonHoc], [Phong], [LopHoc], [TietBatDau], [TietKetThuc], [MaGv], [SttTuan], [NgayTrongTuan]) VALUES (257, N'Lập trình cơ sở dữ liệu', N'A8.5.2', N'CTK35', 1, 5, N'CT28', 35, 3)
INSERT [dbo].[TkbGiangVien] ([MaTkb], [TenMonHoc], [Phong], [LopHoc], [TietBatDau], [TietKetThuc], [MaGv], [SttTuan], [NgayTrongTuan]) VALUES (258, N'Phát triển ứng dụng web với.NE', N'A27.5', N'CTK35', 7, 9, N'CT25', 35, 3)
INSERT [dbo].[TkbGiangVien] ([MaTkb], [TenMonHoc], [Phong], [LopHoc], [TietBatDau], [TietKetThuc], [MaGv], [SttTuan], [NgayTrongTuan]) VALUES (261, N'Công nghệ phần mềm', N'A8.6.2', N'CTK35', 7, 9, N'CT46', 35, 4)
INSERT [dbo].[TkbGiangVien] ([MaTkb], [TenMonHoc], [Phong], [LopHoc], [TietBatDau], [TietKetThuc], [MaGv], [SttTuan], [NgayTrongTuan]) VALUES (263, N'Trí tuệ nhân tạo', N'A27.4', N'CTK35', 7, 10, N'TN22', 35, 5)
INSERT [dbo].[TkbGiangVien] ([MaTkb], [TenMonHoc], [Phong], [LopHoc], [TietBatDau], [TietKetThuc], [MaGv], [SttTuan], [NgayTrongTuan]) VALUES (264, N'Lập trình cấu trúc với C/C++', N'A31105', N'CTK37CD', 1, 4, N'CT13', 35, 0)
INSERT [dbo].[TkbGiangVien] ([MaTkb], [TenMonHoc], [Phong], [LopHoc], [TietBatDau], [TietKetThuc], [MaGv], [SttTuan], [NgayTrongTuan]) VALUES (267, N'Thực hành kỹ năng máy tính', N'A8.7.1', N'CTK37CD', 7, 9, N'CT60', 35, 2)
INSERT [dbo].[TkbGiangVien] ([MaTkb], [TenMonHoc], [Phong], [LopHoc], [TietBatDau], [TietKetThuc], [MaGv], [SttTuan], [NgayTrongTuan]) VALUES (269, N'Lập trình cấu trúc với C/C++', N'A31105', N'CTK37CD', 1, 4, N'CT13', 35, 4)
INSERT [dbo].[TkbGiangVien] ([MaTkb], [TenMonHoc], [Phong], [LopHoc], [TietBatDau], [TietKetThuc], [MaGv], [SttTuan], [NgayTrongTuan]) VALUES (271, N'Thương mại điện tử', N'A31204', NULL, 7, 10, N'CT46', 35, 2)
INSERT [dbo].[TkbGiangVien] ([MaTkb], [TenMonHoc], [Phong], [LopHoc], [TietBatDau], [TietKetThuc], [MaGv], [SttTuan], [NgayTrongTuan]) VALUES (272, N'Thương mại điện tử', N'A31206', NULL, 1, 4, N'CT46', 35, 3)
INSERT [dbo].[TkbGiangVien] ([MaTkb], [TenMonHoc], [Phong], [LopHoc], [TietBatDau], [TietKetThuc], [MaGv], [SttTuan], [NgayTrongTuan]) VALUES (273, N'Tin học cơ sở', N'A27.7', NULL, 1, 4, N'CT46', 35, 4)
INSERT [dbo].[TkbGiangVien] ([MaTkb], [TenMonHoc], [Phong], [LopHoc], [TietBatDau], [TietKetThuc], [MaGv], [SttTuan], [NgayTrongTuan]) VALUES (274, N'Đo lường điện tử', N'A8.7.1', NULL, 1, 4, N'TN16', 35, 1)
INSERT [dbo].[TkbGiangVien] ([MaTkb], [TenMonHoc], [Phong], [LopHoc], [TietBatDau], [TietKetThuc], [MaGv], [SttTuan], [NgayTrongTuan]) VALUES (275, N'Điện tử tương tự', N'A20103', NULL, 1, 4, N'TN16', 35, 2)
INSERT [dbo].[TkbGiangVien] ([MaTkb], [TenMonHoc], [Phong], [LopHoc], [TietBatDau], [TietKetThuc], [MaGv], [SttTuan], [NgayTrongTuan]) VALUES (276, N'Đo lường điện tử', N'A8.7.1', NULL, 1, 4, N'TN16', 35, 4)
INSERT [dbo].[TkbGiangVien] ([MaTkb], [TenMonHoc], [Phong], [LopHoc], [TietBatDau], [TietKetThuc], [MaGv], [SttTuan], [NgayTrongTuan]) VALUES (277, N'Điện tử tương tự', N'A27.5', NULL, 7, 10, N'TN16', 35, 5)
INSERT [dbo].[TkbGiangVien] ([MaTkb], [TenMonHoc], [Phong], [LopHoc], [TietBatDau], [TietKetThuc], [MaGv], [SttTuan], [NgayTrongTuan]) VALUES (278, N'Tin học cơ sở', N'A31104', NULL, 1, 4, N'CT07', 35, 1)
INSERT [dbo].[TkbGiangVien] ([MaTkb], [TenMonHoc], [Phong], [LopHoc], [TietBatDau], [TietKetThuc], [MaGv], [SttTuan], [NgayTrongTuan]) VALUES (279, N'TH. Tin học cơ sở', N'A21.3', NULL, 11, 13, N'CT07', 35, 1)
INSERT [dbo].[TkbGiangVien] ([MaTkb], [TenMonHoc], [Phong], [LopHoc], [TietBatDau], [TietKetThuc], [MaGv], [SttTuan], [NgayTrongTuan]) VALUES (280, N'TH. Tin học cơ sở', N'A21.3', NULL, 11, 13, N'CT07', 35, 2)
INSERT [dbo].[TkbGiangVien] ([MaTkb], [TenMonHoc], [Phong], [LopHoc], [TietBatDau], [TietKetThuc], [MaGv], [SttTuan], [NgayTrongTuan]) VALUES (281, N'Tin học cơ sở', N'A20105', NULL, 1, 4, N'CT07', 35, 3)
INSERT [dbo].[TkbGiangVien] ([MaTkb], [TenMonHoc], [Phong], [LopHoc], [TietBatDau], [TietKetThuc], [MaGv], [SttTuan], [NgayTrongTuan]) VALUES (282, N'TH. Tin học cơ sở', N'A21.3', NULL, 11, 13, N'CT07', 35, 4)
INSERT [dbo].[TkbGiangVien] ([MaTkb], [TenMonHoc], [Phong], [LopHoc], [TietBatDau], [TietKetThuc], [MaGv], [SttTuan], [NgayTrongTuan]) VALUES (283, N'Công nghệ phần mềm', N'A31102', NULL, 7, 10, N'TN15', 35, 3)
INSERT [dbo].[TkbGiangVien] ([MaTkb], [TenMonHoc], [Phong], [LopHoc], [TietBatDau], [TietKetThuc], [MaGv], [SttTuan], [NgayTrongTuan]) VALUES (284, N'Nhập môn trí tuệ nhân tạo', N'A7.3', NULL, 7, 10, N'TN22', 35, 0)
INSERT [dbo].[TkbGiangVien] ([MaTkb], [TenMonHoc], [Phong], [LopHoc], [TietBatDau], [TietKetThuc], [MaGv], [SttTuan], [NgayTrongTuan]) VALUES (285, N'Xác suất - Thống kê', N'A7.4', NULL, 1, 4, N'TN22', 35, 1)
INSERT [dbo].[TkbGiangVien] ([MaTkb], [TenMonHoc], [Phong], [LopHoc], [TietBatDau], [TietKetThuc], [MaGv], [SttTuan], [NgayTrongTuan]) VALUES (286, N'TH. Nhập môn trí tuệ nhân tạo', N'A24LAU', NULL, 7, 10, N'TN22', 35, 2)
INSERT [dbo].[TkbGiangVien] ([MaTkb], [TenMonHoc], [Phong], [LopHoc], [TietBatDau], [TietKetThuc], [MaGv], [SttTuan], [NgayTrongTuan]) VALUES (287, N'Xác suất - Thống kê', N'A7.4', NULL, 1, 4, N'TN22', 35, 3)
INSERT [dbo].[TkbGiangVien] ([MaTkb], [TenMonHoc], [Phong], [LopHoc], [TietBatDau], [TietKetThuc], [MaGv], [SttTuan], [NgayTrongTuan]) VALUES (288, N'Phát triển ứng dụng Web với PH', N'A21.1', N'CTK35CD', 1, 5, N'TH01', 34, 0)
INSERT [dbo].[TkbGiangVien] ([MaTkb], [TenMonHoc], [Phong], [LopHoc], [TietBatDau], [TietKetThuc], [MaGv], [SttTuan], [NgayTrongTuan]) VALUES (289, N'Phát triển ứng dụng Web với PH', N'A21.1', N'CTK35CD', 1, 5, N'TH01', 34, 1)
INSERT [dbo].[TkbGiangVien] ([MaTkb], [TenMonHoc], [Phong], [LopHoc], [TietBatDau], [TietKetThuc], [MaGv], [SttTuan], [NgayTrongTuan]) VALUES (291, N'Phát triển ứng dụng Web với PH', N'A21.1', N'CTK35CD', 1, 5, N'TH01', 34, 2)
INSERT [dbo].[TkbGiangVien] ([MaTkb], [TenMonHoc], [Phong], [LopHoc], [TietBatDau], [TietKetThuc], [MaGv], [SttTuan], [NgayTrongTuan]) VALUES (293, N'Phát triển ứng dụng Web với PH', N'A21.1', N'CTK35CD', 1, 5, N'TH01', 34, 3)
INSERT [dbo].[TkbGiangVien] ([MaTkb], [TenMonHoc], [Phong], [LopHoc], [TietBatDau], [TietKetThuc], [MaGv], [SttTuan], [NgayTrongTuan]) VALUES (295, N'Phát triển ứng dụng Web với PH', N'A21.1', N'CTK35CD', 1, 5, N'TH01', 34, 4)
INSERT [dbo].[TkbGiangVien] ([MaTkb], [TenMonHoc], [Phong], [LopHoc], [TietBatDau], [TietKetThuc], [MaGv], [SttTuan], [NgayTrongTuan]) VALUES (297, N'Phát triển ứng dụng Web với PH', N'A21.1', N'CTK35CD', 1, 5, N'TH01', 34, 5)
INSERT [dbo].[TkbGiangVien] ([MaTkb], [TenMonHoc], [Phong], [LopHoc], [TietBatDau], [TietKetThuc], [MaGv], [SttTuan], [NgayTrongTuan]) VALUES (299, N'Thiết kế mạng LAN', N'A7.8', N'CTK34A', 7, 8, N'CT65', 34, 0)
INSERT [dbo].[TkbGiangVien] ([MaTkb], [TenMonHoc], [Phong], [LopHoc], [TietBatDau], [TietKetThuc], [MaGv], [SttTuan], [NgayTrongTuan]) VALUES (302, N'Chuyên đề 2 (mạng và truyền th', N'A31301', N'CTK34A', 1, 4, N'CT65', 34, 3)
INSERT [dbo].[TkbGiangVien] ([MaTkb], [TenMonHoc], [Phong], [LopHoc], [TietBatDau], [TietKetThuc], [MaGv], [SttTuan], [NgayTrongTuan]) VALUES (304, N'Quản trị mạng', N'A27.12', N'CTK34A', 1, 5, N'CT02', 34, 4)
INSERT [dbo].[TkbGiangVien] ([MaTkb], [TenMonHoc], [Phong], [LopHoc], [TietBatDau], [TietKetThuc], [MaGv], [SttTuan], [NgayTrongTuan]) VALUES (305, N'Chuyên đề 2 (mạng và truyền th', N'A27.12', N'CTK34A', 1, 4, N'CT65', 34, 5)
INSERT [dbo].[TkbGiangVien] ([MaTkb], [TenMonHoc], [Phong], [LopHoc], [TietBatDau], [TietKetThuc], [MaGv], [SttTuan], [NgayTrongTuan]) VALUES (308, N'Trí tuệ nhân tạo', N'A31203', N'CTK35', 1, 4, N'TN22', 34, 1)
INSERT [dbo].[TkbGiangVien] ([MaTkb], [TenMonHoc], [Phong], [LopHoc], [TietBatDau], [TietKetThuc], [MaGv], [SttTuan], [NgayTrongTuan]) VALUES (310, N'Trí tuệ nhân tạo', N'A31203', N'CTK35', 1, 4, N'TN22', 34, 3)
INSERT [dbo].[TkbGiangVien] ([MaTkb], [TenMonHoc], [Phong], [LopHoc], [TietBatDau], [TietKetThuc], [MaGv], [SttTuan], [NgayTrongTuan]) VALUES (311, N'Phát triển ứng dụng web với.NE', N'A31105', N'CTK35', 7, 10, N'CT25', 34, 3)
INSERT [dbo].[TkbGiangVien] ([MaTkb], [TenMonHoc], [Phong], [LopHoc], [TietBatDau], [TietKetThuc], [MaGv], [SttTuan], [NgayTrongTuan]) VALUES (312, N'Phát triển ứng dụng web với.NE', N'A7.8', N'CTK35', 7, 10, N'CT25', 34, 4)
INSERT [dbo].[TkbGiangVien] ([MaTkb], [TenMonHoc], [Phong], [LopHoc], [TietBatDau], [TietKetThuc], [MaGv], [SttTuan], [NgayTrongTuan]) VALUES (313, N'Lập trình cơ sở dữ liệu', N'A31302', N'CTK35', 1, 5, N'CT28', 34, 5)
INSERT [dbo].[TkbGiangVien] ([MaTkb], [TenMonHoc], [Phong], [LopHoc], [TietBatDau], [TietKetThuc], [MaGv], [SttTuan], [NgayTrongTuan]) VALUES (314, N'Phát triển ứng dụng web với.NE', N'A27.8', N'CTK35', 7, 10, N'CT25', 34, 5)
INSERT [dbo].[TkbGiangVien] ([MaTkb], [TenMonHoc], [Phong], [LopHoc], [TietBatDau], [TietKetThuc], [MaGv], [SttTuan], [NgayTrongTuan]) VALUES (316, N'Lập trình cấu trúc với C/C++', N'A31303', N'CTK37', 1, 3, N'TN15', 34, 1)
INSERT [dbo].[TkbGiangVien] ([MaTkb], [TenMonHoc], [Phong], [LopHoc], [TietBatDau], [TietKetThuc], [MaGv], [SttTuan], [NgayTrongTuan]) VALUES (318, N'Kiến trúc và tổ chức máy tính', N'A31206', N'CTK37', 7, 10, N'TN16', 34, 2)
INSERT [dbo].[TkbGiangVien] ([MaTkb], [TenMonHoc], [Phong], [LopHoc], [TietBatDau], [TietKetThuc], [MaGv], [SttTuan], [NgayTrongTuan]) VALUES (321, N'Lập trình cấu trúc với C/C++', N'A31303', N'CTK37', 1, 3, N'TN15', 34, 4)
INSERT [dbo].[TkbGiangVien] ([MaTkb], [TenMonHoc], [Phong], [LopHoc], [TietBatDau], [TietKetThuc], [MaGv], [SttTuan], [NgayTrongTuan]) VALUES (322, N'Kiến trúc và tổ chức máy tính', N'A31206', N'CTK37', 7, 10, N'TN16', 34, 4)
INSERT [dbo].[TkbGiangVien] ([MaTkb], [TenMonHoc], [Phong], [LopHoc], [TietBatDau], [TietKetThuc], [MaGv], [SttTuan], [NgayTrongTuan]) VALUES (324, N'Thực hành kỹ năng máy tính', N'A27.7', N'CTK37', 7, 10, N'CT60', 34, 5)
INSERT [dbo].[TkbGiangVien] ([MaTkb], [TenMonHoc], [Phong], [LopHoc], [TietBatDau], [TietKetThuc], [MaGv], [SttTuan], [NgayTrongTuan]) VALUES (325, N'Lập trình hướng đối tượng', N'A31303', N'CTK36', 7, 10, N'CT13', 34, 0)
INSERT [dbo].[TkbGiangVien] ([MaTkb], [TenMonHoc], [Phong], [LopHoc], [TietBatDau], [TietKetThuc], [MaGv], [SttTuan], [NgayTrongTuan]) VALUES (327, N'Cấu trúc dữ liệu và thuật giải', N'A31205', N'CTK36', 1, 3, N'TN15', 34, 2)
INSERT [dbo].[TkbGiangVien] ([MaTkb], [TenMonHoc], [Phong], [LopHoc], [TietBatDau], [TietKetThuc], [MaGv], [SttTuan], [NgayTrongTuan]) VALUES (328, N'Lập trình hướng đối tượng', N'A31303', N'CTK36', 7, 10, N'CT13', 34, 2)
INSERT [dbo].[TkbGiangVien] ([MaTkb], [TenMonHoc], [Phong], [LopHoc], [TietBatDau], [TietKetThuc], [MaGv], [SttTuan], [NgayTrongTuan]) VALUES (329, N'Cấu trúc dữ liệu và thuật giải', N'A31205', N'CTK36', 7, 9, N'TN15', 34, 4)
INSERT [dbo].[TkbGiangVien] ([MaTkb], [TenMonHoc], [Phong], [LopHoc], [TietBatDau], [TietKetThuc], [MaGv], [SttTuan], [NgayTrongTuan]) VALUES (330, N'Chuyên đề 1 (kỹ thuật phần mềm', N'A27.1', N'CTK34B', 7, 10, N'TN15', 34, 2)
INSERT [dbo].[TkbGiangVien] ([MaTkb], [TenMonHoc], [Phong], [LopHoc], [TietBatDau], [TietKetThuc], [MaGv], [SttTuan], [NgayTrongTuan]) VALUES (331, N'Chuyên đề 1 (kỹ thuật phần mềm', N'A31206', N'CTK34B', 7, 10, N'TN15', 34, 3)
INSERT [dbo].[TkbGiangVien] ([MaTkb], [TenMonHoc], [Phong], [LopHoc], [TietBatDau], [TietKetThuc], [MaGv], [SttTuan], [NgayTrongTuan]) VALUES (333, N'Photoshop', N'A6.MT', N'CTK36CD', 7, 10, N'CT59', 34, 0)
INSERT [dbo].[TkbGiangVien] ([MaTkb], [TenMonHoc], [Phong], [LopHoc], [TietBatDau], [TietKetThuc], [MaGv], [SttTuan], [NgayTrongTuan]) VALUES (334, N'Công cụ và môi trường lập trìn', N'A7.6', N'CTK36CD', 1, 4, N'CT28', 34, 1)
INSERT [dbo].[TkbGiangVien] ([MaTkb], [TenMonHoc], [Phong], [LopHoc], [TietBatDau], [TietKetThuc], [MaGv], [SttTuan], [NgayTrongTuan]) VALUES (335, N'Hệ điều hành', N'A31302', N'CTK36CD', 7, 10, N'CT02', 34, 1)
INSERT [dbo].[TkbGiangVien] ([MaTkb], [TenMonHoc], [Phong], [LopHoc], [TietBatDau], [TietKetThuc], [MaGv], [SttTuan], [NgayTrongTuan]) VALUES (336, N'Công cụ và môi trường lập trìn', N'A31105', N'CTK36CD', 7, 10, N'CT28', 34, 2)
INSERT [dbo].[TkbGiangVien] ([MaTkb], [TenMonHoc], [Phong], [LopHoc], [TietBatDau], [TietKetThuc], [MaGv], [SttTuan], [NgayTrongTuan]) VALUES (338, N'Hệ điều hành', N'A31302', N'CTK36CD', 7, 10, N'CT02', 34, 3)
INSERT [dbo].[TkbGiangVien] ([MaTkb], [TenMonHoc], [Phong], [LopHoc], [TietBatDau], [TietKetThuc], [MaGv], [SttTuan], [NgayTrongTuan]) VALUES (340, N'Công cụ và môi trường lập trìn', N'A8.8.1', N'CTK36CD', 7, 10, N'CT28', 34, 5)
INSERT [dbo].[TkbGiangVien] ([MaTkb], [TenMonHoc], [Phong], [LopHoc], [TietBatDau], [TietKetThuc], [MaGv], [SttTuan], [NgayTrongTuan]) VALUES (341, N'Lập trình cấu trúc với C/C++', N'A31105', N'CTK37CD', 1, 4, N'CT13', 34, 0)
INSERT [dbo].[TkbGiangVien] ([MaTkb], [TenMonHoc], [Phong], [LopHoc], [TietBatDau], [TietKetThuc], [MaGv], [SttTuan], [NgayTrongTuan]) VALUES (346, N'Thực hành kỹ năng máy tính', N'A27.7', N'CTK37CD', 1, 4, N'CT60', 34, 5)
INSERT [dbo].[TkbGiangVien] ([MaTkb], [TenMonHoc], [Phong], [LopHoc], [TietBatDau], [TietKetThuc], [MaGv], [SttTuan], [NgayTrongTuan]) VALUES (347, N'Đo lường điện tử', N'A8.7.1', NULL, 1, 4, N'TN16', 34, 1)
INSERT [dbo].[TkbGiangVien] ([MaTkb], [TenMonHoc], [Phong], [LopHoc], [TietBatDau], [TietKetThuc], [MaGv], [SttTuan], [NgayTrongTuan]) VALUES (348, N'Đo lường điện tử', N'A8.7.1', NULL, 1, 4, N'TN16', 34, 4)
INSERT [dbo].[TkbGiangVien] ([MaTkb], [TenMonHoc], [Phong], [LopHoc], [TietBatDau], [TietKetThuc], [MaGv], [SttTuan], [NgayTrongTuan]) VALUES (349, N'Điện tử tương tự', N'A27.5', NULL, 7, 10, N'TN16', 34, 5)
INSERT [dbo].[TkbGiangVien] ([MaTkb], [TenMonHoc], [Phong], [LopHoc], [TietBatDau], [TietKetThuc], [MaGv], [SttTuan], [NgayTrongTuan]) VALUES (350, N'Chuyên đề 1', N'A31201', NULL, 7, 9, N'TN20', 34, 1)
INSERT [dbo].[TkbGiangVien] ([MaTkb], [TenMonHoc], [Phong], [LopHoc], [TietBatDau], [TietKetThuc], [MaGv], [SttTuan], [NgayTrongTuan]) VALUES (351, N'Chuyên đề 1', N'A7.6', NULL, 1, 3, N'TN20', 34, 4)
INSERT [dbo].[TkbGiangVien] ([MaTkb], [TenMonHoc], [Phong], [LopHoc], [TietBatDau], [TietKetThuc], [MaGv], [SttTuan], [NgayTrongTuan]) VALUES (352, N'Thực tập chuyên đề 1', N'A21.3', NULL, 1, 4, N'TN20', 34, 5)
INSERT [dbo].[TkbGiangVien] ([MaTkb], [TenMonHoc], [Phong], [LopHoc], [TietBatDau], [TietKetThuc], [MaGv], [SttTuan], [NgayTrongTuan]) VALUES (353, N'Nhập môn trí tuệ nhân tạo', N'A7.3', NULL, 7, 10, N'TN22', 34, 0)
INSERT [dbo].[TkbGiangVien] ([MaTkb], [TenMonHoc], [Phong], [LopHoc], [TietBatDau], [TietKetThuc], [MaGv], [SttTuan], [NgayTrongTuan]) VALUES (354, N'TH. Nhập môn trí tuệ nhân tạo', N'A24LAU', NULL, 7, 10, N'TN22', 34, 2)
INSERT [dbo].[TkbGiangVien] ([MaTkb], [TenMonHoc], [Phong], [LopHoc], [TietBatDau], [TietKetThuc], [MaGv], [SttTuan], [NgayTrongTuan]) VALUES (356, N'Chuyên đề cơ sở 1', N'A7.1', N'CTK35', 1, 5, N'CT46', 36, 1)
INSERT [dbo].[TkbGiangVien] ([MaTkb], [TenMonHoc], [Phong], [LopHoc], [TietBatDau], [TietKetThuc], [MaGv], [SttTuan], [NgayTrongTuan]) VALUES (357, N'Phát triển ứng dụng web với PH', N'A31205', N'CTK35', 7, 10, N'TH01', 36, 1)
INSERT [dbo].[TkbGiangVien] ([MaTkb], [TenMonHoc], [Phong], [LopHoc], [TietBatDau], [TietKetThuc], [MaGv], [SttTuan], [NgayTrongTuan]) VALUES (358, N'Phát triển ứng dụng web với PH', N'A31204', N'CTK35', 1, 4, N'TH01', 36, 3)
INSERT [dbo].[TkbGiangVien] ([MaTkb], [TenMonHoc], [Phong], [LopHoc], [TietBatDau], [TietKetThuc], [MaGv], [SttTuan], [NgayTrongTuan]) VALUES (361, N'Công nghệ phần mềm', N'A8.6.2', N'CTK35', 7, 9, N'CT46', 36, 4)
INSERT [dbo].[TkbGiangVien] ([MaTkb], [TenMonHoc], [Phong], [LopHoc], [TietBatDau], [TietKetThuc], [MaGv], [SttTuan], [NgayTrongTuan]) VALUES (363, N'Phát triển ứng dụng web với PH', N'A31205', N'CTK35', 7, 10, N'TH01', 36, 5)
INSERT [dbo].[TkbGiangVien] ([MaTkb], [TenMonHoc], [Phong], [LopHoc], [TietBatDau], [TietKetThuc], [MaGv], [SttTuan], [NgayTrongTuan]) VALUES (365, N'Chuyên đề 1', N'A31105', N'CTK36CD', 7, 10, N'CT07', 36, 2)
INSERT [dbo].[TkbGiangVien] ([MaTkb], [TenMonHoc], [Phong], [LopHoc], [TietBatDau], [TietKetThuc], [MaGv], [SttTuan], [NgayTrongTuan]) VALUES (368, N'Photoshop', N'A21.3', N'CTK36CD', 7, 9, N'CT59', 36, 4)
INSERT [dbo].[TkbGiangVien] ([MaTkb], [TenMonHoc], [Phong], [LopHoc], [TietBatDau], [TietKetThuc], [MaGv], [SttTuan], [NgayTrongTuan]) VALUES (371, N'Cấu trúc dữ liệu và thuật giải', N'A31205', N'CTK36', 1, 4, N'TN15', 36, 2)
INSERT [dbo].[TkbGiangVien] ([MaTkb], [TenMonHoc], [Phong], [LopHoc], [TietBatDau], [TietKetThuc], [MaGv], [SttTuan], [NgayTrongTuan]) VALUES (373, N'Cấu trúc dữ liệu và thuật giải', N'A31205', N'CTK36', 7, 10, N'TN15', 36, 4)
INSERT [dbo].[TkbGiangVien] ([MaTkb], [TenMonHoc], [Phong], [LopHoc], [TietBatDau], [TietKetThuc], [MaGv], [SttTuan], [NgayTrongTuan]) VALUES (374, N'Chuyên đề 2 (mạng và truyền th', N'A31201', N'CTK34A', 1, 4, N'CT65', 36, 0)
INSERT [dbo].[TkbGiangVien] ([MaTkb], [TenMonHoc], [Phong], [LopHoc], [TietBatDau], [TietKetThuc], [MaGv], [SttTuan], [NgayTrongTuan]) VALUES (381, N'Bảo mật mạng', N'A27.4', N'CTK34A', 1, 3, N'CT07', 36, 4)
INSERT [dbo].[TkbGiangVien] ([MaTkb], [TenMonHoc], [Phong], [LopHoc], [TietBatDau], [TietKetThuc], [MaGv], [SttTuan], [NgayTrongTuan]) VALUES (382, N'Chuyên đề 2 (mạng và truyền th', N'A31206', N'CTK34A', 7, 10, N'CT65', 36, 4)
INSERT [dbo].[TkbGiangVien] ([MaTkb], [TenMonHoc], [Phong], [LopHoc], [TietBatDau], [TietKetThuc], [MaGv], [SttTuan], [NgayTrongTuan]) VALUES (383, N'Bảo mật mạng', N'A30.7', N'CTK34A', 1, 3, N'CT07', 36, 5)
INSERT [dbo].[TkbGiangVien] ([MaTkb], [TenMonHoc], [Phong], [LopHoc], [TietBatDau], [TietKetThuc], [MaGv], [SttTuan], [NgayTrongTuan]) VALUES (385, N'Chuyên đề 2 (kỹ thuật phần mềm', N'A20104', N'CTK34B', 1, 5, N'CT46', 36, 0)
INSERT [dbo].[TkbGiangVien] ([MaTkb], [TenMonHoc], [Phong], [LopHoc], [TietBatDau], [TietKetThuc], [MaGv], [SttTuan], [NgayTrongTuan]) VALUES (386, N'Lập trình Web nâng cao', N'A27.4', N'CTK34B', 7, 10, N'CT13', 36, 0)
INSERT [dbo].[TkbGiangVien] ([MaTkb], [TenMonHoc], [Phong], [LopHoc], [TietBatDau], [TietKetThuc], [MaGv], [SttTuan], [NgayTrongTuan]) VALUES (387, N'Thiết kế mẫu', N'A20101', N'CTK34B', 1, 4, N'TH01', 36, 1)
INSERT [dbo].[TkbGiangVien] ([MaTkb], [TenMonHoc], [Phong], [LopHoc], [TietBatDau], [TietKetThuc], [MaGv], [SttTuan], [NgayTrongTuan]) VALUES (388, N'Quản trị dự án công nghệ TT', N'A31204', N'CTK34B', 7, 10, N'CT46', 36, 1)
INSERT [dbo].[TkbGiangVien] ([MaTkb], [TenMonHoc], [Phong], [LopHoc], [TietBatDau], [TietKetThuc], [MaGv], [SttTuan], [NgayTrongTuan]) VALUES (390, N'Lập trình Web nâng cao', N'A27.6', N'CTK34B', 7, 10, N'CT13', 36, 2)
INSERT [dbo].[TkbGiangVien] ([MaTkb], [TenMonHoc], [Phong], [LopHoc], [TietBatDau], [TietKetThuc], [MaGv], [SttTuan], [NgayTrongTuan]) VALUES (391, N'Thiết kế mẫu', N'A31206', N'CTK34B', 7, 10, N'TH01', 36, 3)
INSERT [dbo].[TkbGiangVien] ([MaTkb], [TenMonHoc], [Phong], [LopHoc], [TietBatDau], [TietKetThuc], [MaGv], [SttTuan], [NgayTrongTuan]) VALUES (392, N'Thiết kế mẫu', N'A31303', N'CTK34B', 1, 4, N'TH01', 36, 5)
INSERT [dbo].[TkbGiangVien] ([MaTkb], [TenMonHoc], [Phong], [LopHoc], [TietBatDau], [TietKetThuc], [MaGv], [SttTuan], [NgayTrongTuan]) VALUES (393, N'Chuyên đề 1 (kỹ thuật phần mềm', N'A30.1', N'CTK34B', 7, 10, N'TN15', 36, 5)
INSERT [dbo].[TkbGiangVien] ([MaTkb], [TenMonHoc], [Phong], [LopHoc], [TietBatDau], [TietKetThuc], [MaGv], [SttTuan], [NgayTrongTuan]) VALUES (394, N'Công nghệ phần mềm', N'A27.6', NULL, 7, 10, N'TN15', 36, 0)
INSERT [dbo].[TkbGiangVien] ([MaTkb], [TenMonHoc], [Phong], [LopHoc], [TietBatDau], [TietKetThuc], [MaGv], [SttTuan], [NgayTrongTuan]) VALUES (395, N'Lập trình cấu trúc với C/C++', N'A31303', N'CTK37', 1, 3, N'TN15', 36, 1)
INSERT [dbo].[TkbGiangVien] ([MaTkb], [TenMonHoc], [Phong], [LopHoc], [TietBatDau], [TietKetThuc], [MaGv], [SttTuan], [NgayTrongTuan]) VALUES (397, N'Công nghệ phần mềm', N'A31303', NULL, 7, 10, N'TN15', 36, 3)
INSERT [dbo].[TkbGiangVien] ([MaTkb], [TenMonHoc], [Phong], [LopHoc], [TietBatDau], [TietKetThuc], [MaGv], [SttTuan], [NgayTrongTuan]) VALUES (398, N'Lập trình cấu trúc với C/C++', N'A31303', N'CTK37', 1, 3, N'TN15', 36, 4)
INSERT [dbo].[TkbGiangVien] ([MaTkb], [TenMonHoc], [Phong], [LopHoc], [TietBatDau], [TietKetThuc], [MaGv], [SttTuan], [NgayTrongTuan]) VALUES (400, N'Tin học cơ sở', N'A27.3', NULL, 1, 4, N'CT65', 36, 2)
INSERT [dbo].[TkbGiangVien] ([MaTkb], [TenMonHoc], [Phong], [LopHoc], [TietBatDau], [TietKetThuc], [MaGv], [SttTuan], [NgayTrongTuan]) VALUES (402, N'Lập trình cấu trúc với C/C++', N'A31105', N'CTK37CD', 1, 5, N'CT13', 36, 0)
INSERT [dbo].[TkbGiangVien] ([MaTkb], [TenMonHoc], [Phong], [LopHoc], [TietBatDau], [TietKetThuc], [MaGv], [SttTuan], [NgayTrongTuan]) VALUES (404, N'Nhập môn trí tuệ nhân tạo', N'A27.3', NULL, 1, 5, N'TN22', 36, 0)
INSERT [dbo].[TkbGiangVien] ([MaTkb], [TenMonHoc], [Phong], [LopHoc], [TietBatDau], [TietKetThuc], [MaGv], [SttTuan], [NgayTrongTuan]) VALUES (405, N'Xác suất - Thống kê', N'A31203', NULL, 1, 4, N'TN22', 36, 1)
INSERT [dbo].[TkbGiangVien] ([MaTkb], [TenMonHoc], [Phong], [LopHoc], [TietBatDau], [TietKetThuc], [MaGv], [SttTuan], [NgayTrongTuan]) VALUES (406, N'TH. Nhập môn trí tuệ nhân tạo', N'A24LAU', NULL, 7, 10, N'TN22', 36, 2)
INSERT [dbo].[TkbGiangVien] ([MaTkb], [TenMonHoc], [Phong], [LopHoc], [TietBatDau], [TietKetThuc], [MaGv], [SttTuan], [NgayTrongTuan]) VALUES (407, N'Xác suất - Thống kê', N'A7.4', NULL, 1, 4, N'TN22', 36, 3)
INSERT [dbo].[TkbGiangVien] ([MaTkb], [TenMonHoc], [Phong], [LopHoc], [TietBatDau], [TietKetThuc], [MaGv], [SttTuan], [NgayTrongTuan]) VALUES (411, N'Tin học cơ sở', N'A7.2', NULL, 7, 10, N'CT07', 36, 0)
INSERT [dbo].[TkbGiangVien] ([MaTkb], [TenMonHoc], [Phong], [LopHoc], [TietBatDau], [TietKetThuc], [MaGv], [SttTuan], [NgayTrongTuan]) VALUES (412, N'TH. Tin học cơ sở', N'A21.3', NULL, 11, 13, N'CT07', 36, 1)
GO
print 'Processed 200 total records'
INSERT [dbo].[TkbGiangVien] ([MaTkb], [TenMonHoc], [Phong], [LopHoc], [TietBatDau], [TietKetThuc], [MaGv], [SttTuan], [NgayTrongTuan]) VALUES (413, N'TH. Tin học cơ sở', N'A21.3', NULL, 11, 13, N'CT07', 36, 2)
INSERT [dbo].[TkbGiangVien] ([MaTkb], [TenMonHoc], [Phong], [LopHoc], [TietBatDau], [TietKetThuc], [MaGv], [SttTuan], [NgayTrongTuan]) VALUES (414, N'Tin học cơ sở', N'A20105', NULL, 1, 4, N'CT07', 36, 3)
INSERT [dbo].[TkbGiangVien] ([MaTkb], [TenMonHoc], [Phong], [LopHoc], [TietBatDau], [TietKetThuc], [MaGv], [SttTuan], [NgayTrongTuan]) VALUES (415, N'TH. Tin học cơ sở', N'A21.3', NULL, 11, 13, N'CT07', 36, 4)
INSERT [dbo].[TkbGiangVien] ([MaTkb], [TenMonHoc], [Phong], [LopHoc], [TietBatDau], [TietKetThuc], [MaGv], [SttTuan], [NgayTrongTuan]) VALUES (416, N'Tin học cơ sở', N'A30.7', NULL, 7, 10, N'CT09', 36, 1)
INSERT [dbo].[TkbGiangVien] ([MaTkb], [TenMonHoc], [Phong], [LopHoc], [TietBatDau], [TietKetThuc], [MaGv], [SttTuan], [NgayTrongTuan]) VALUES (417, N'Tin học cơ sở', N'A7.8', NULL, 7, 10, N'CT09', 36, 3)
INSERT [dbo].[TkbGiangVien] ([MaTkb], [TenMonHoc], [Phong], [LopHoc], [TietBatDau], [TietKetThuc], [MaGv], [SttTuan], [NgayTrongTuan]) VALUES (420, N'Thương mại điện tử', N'A31101', NULL, 1, 4, N'CT46', 36, 2)
INSERT [dbo].[TkbGiangVien] ([MaTkb], [TenMonHoc], [Phong], [LopHoc], [TietBatDau], [TietKetThuc], [MaGv], [SttTuan], [NgayTrongTuan]) VALUES (421, N'Thương mại điện tử', N'A31302', NULL, 1, 4, N'CT46', 36, 3)
INSERT [dbo].[TkbGiangVien] ([MaTkb], [TenMonHoc], [Phong], [LopHoc], [TietBatDau], [TietKetThuc], [MaGv], [SttTuan], [NgayTrongTuan]) VALUES (422, N'Tin học cơ sở', N'A27.7', NULL, 1, 4, N'CT46', 36, 4)
INSERT [dbo].[TkbGiangVien] ([MaTkb], [TenMonHoc], [Phong], [LopHoc], [TietBatDau], [TietKetThuc], [MaGv], [SttTuan], [NgayTrongTuan]) VALUES (423, N'Đo lường điện tử', N'A8.7.1', NULL, 1, 4, N'TN16', 36, 1)
INSERT [dbo].[TkbGiangVien] ([MaTkb], [TenMonHoc], [Phong], [LopHoc], [TietBatDau], [TietKetThuc], [MaGv], [SttTuan], [NgayTrongTuan]) VALUES (424, N'Điện tử tương tự', N'A20103', NULL, 1, 4, N'TN16', 36, 2)
INSERT [dbo].[TkbGiangVien] ([MaTkb], [TenMonHoc], [Phong], [LopHoc], [TietBatDau], [TietKetThuc], [MaGv], [SttTuan], [NgayTrongTuan]) VALUES (425, N'Đo lường điện tử', N'A8.7.1', NULL, 1, 4, N'TN16', 36, 4)
INSERT [dbo].[TkbGiangVien] ([MaTkb], [TenMonHoc], [Phong], [LopHoc], [TietBatDau], [TietKetThuc], [MaGv], [SttTuan], [NgayTrongTuan]) VALUES (426, N'Điện tử tương tự', N'A27.5', NULL, 7, 10, N'TN16', 36, 5)
INSERT [dbo].[TkbGiangVien] ([MaTkb], [TenMonHoc], [Phong], [LopHoc], [TietBatDau], [TietKetThuc], [MaGv], [SttTuan], [NgayTrongTuan]) VALUES (427, N'Chuyên đề 2 (mạng và truyền th', N'A31303', N'CTK34A', 1, 5, N'CT65', 37, 0)
INSERT [dbo].[TkbGiangVien] ([MaTkb], [TenMonHoc], [Phong], [LopHoc], [TietBatDau], [TietKetThuc], [MaGv], [SttTuan], [NgayTrongTuan]) VALUES (436, N'Thiết kế mẫu', N'A31201', N'CTK34B', 1, 5, N'TH01', 37, 0)
INSERT [dbo].[TkbGiangVien] ([MaTkb], [TenMonHoc], [Phong], [LopHoc], [TietBatDau], [TietKetThuc], [MaGv], [SttTuan], [NgayTrongTuan]) VALUES (437, N'Thiết kế mẫu', N'A30.5', N'CTK34B', 7, 10, N'TH01', 37, 0)
INSERT [dbo].[TkbGiangVien] ([MaTkb], [TenMonHoc], [Phong], [LopHoc], [TietBatDau], [TietKetThuc], [MaGv], [SttTuan], [NgayTrongTuan]) VALUES (438, N'Thiết kế mẫu', N'A31201', N'CTK34B', 1, 5, N'TH01', 37, 1)
INSERT [dbo].[TkbGiangVien] ([MaTkb], [TenMonHoc], [Phong], [LopHoc], [TietBatDau], [TietKetThuc], [MaGv], [SttTuan], [NgayTrongTuan]) VALUES (439, N'Thiết kế mẫu', N'A31205', N'CTK34B', 7, 10, N'TH01', 37, 1)
INSERT [dbo].[TkbGiangVien] ([MaTkb], [TenMonHoc], [Phong], [LopHoc], [TietBatDau], [TietKetThuc], [MaGv], [SttTuan], [NgayTrongTuan]) VALUES (441, N'Lập trình Web nâng cao', N'A31206', N'CTK34B', 7, 8, N'CT13', 37, 3)
INSERT [dbo].[TkbGiangVien] ([MaTkb], [TenMonHoc], [Phong], [LopHoc], [TietBatDau], [TietKetThuc], [MaGv], [SttTuan], [NgayTrongTuan]) VALUES (443, N'Lập trình Web nâng cao', N'A27.5', N'CTK34B', 1, 4, N'CT13', 37, 4)
INSERT [dbo].[TkbGiangVien] ([MaTkb], [TenMonHoc], [Phong], [LopHoc], [TietBatDau], [TietKetThuc], [MaGv], [SttTuan], [NgayTrongTuan]) VALUES (444, N'Quản trị dự án công nghệ TT', N'A27.8', N'CTK34B', 11, 13, N'CT46', 37, 4)
INSERT [dbo].[TkbGiangVien] ([MaTkb], [TenMonHoc], [Phong], [LopHoc], [TietBatDau], [TietKetThuc], [MaGv], [SttTuan], [NgayTrongTuan]) VALUES (445, N'Chuyên đề 2 (kỹ thuật phần mềm', N'A31201', N'CTK34B', 1, 5, N'CT46', 37, 5)
INSERT [dbo].[TkbGiangVien] ([MaTkb], [TenMonHoc], [Phong], [LopHoc], [TietBatDau], [TietKetThuc], [MaGv], [SttTuan], [NgayTrongTuan]) VALUES (446, N'Chuyên đề 1 (kỹ thuật phần mềm', N'A27.10', N'CTK34B', 7, 10, N'TN15', 37, 5)
INSERT [dbo].[TkbGiangVien] ([MaTkb], [TenMonHoc], [Phong], [LopHoc], [TietBatDau], [TietKetThuc], [MaGv], [SttTuan], [NgayTrongTuan]) VALUES (451, N'Chuyên đề cơ sở 1', N'A8.5.2', N'CTK35', 1, 5, N'CT46', 37, 1)
INSERT [dbo].[TkbGiangVien] ([MaTkb], [TenMonHoc], [Phong], [LopHoc], [TietBatDau], [TietKetThuc], [MaGv], [SttTuan], [NgayTrongTuan]) VALUES (453, N'Trí tuệ nhân tạo', N'A31204', N'CTK35', 1, 4, N'TN22', 37, 3)
INSERT [dbo].[TkbGiangVien] ([MaTkb], [TenMonHoc], [Phong], [LopHoc], [TietBatDau], [TietKetThuc], [MaGv], [SttTuan], [NgayTrongTuan]) VALUES (454, N'Phát triển ứng dụng web với PH', N'A8.7.1', N'CTK35', 7, 8, N'TH01', 37, 3)
INSERT [dbo].[TkbGiangVien] ([MaTkb], [TenMonHoc], [Phong], [LopHoc], [TietBatDau], [TietKetThuc], [MaGv], [SttTuan], [NgayTrongTuan]) VALUES (458, N'Lập trình cấu trúc với C/C++', N'A31303', N'CTK37', 1, 3, N'TN15', 37, 1)
INSERT [dbo].[TkbGiangVien] ([MaTkb], [TenMonHoc], [Phong], [LopHoc], [TietBatDau], [TietKetThuc], [MaGv], [SttTuan], [NgayTrongTuan]) VALUES (461, N'Lập trình cấu trúc với C/C++', N'A31303', N'CTK37', 1, 3, N'TN15', 37, 4)
INSERT [dbo].[TkbGiangVien] ([MaTkb], [TenMonHoc], [Phong], [LopHoc], [TietBatDau], [TietKetThuc], [MaGv], [SttTuan], [NgayTrongTuan]) VALUES (466, N'Cấu trúc dữ liệu và thuật giải', N'A31205', N'CTK36', 7, 10, N'TN15', 37, 4)
INSERT [dbo].[TkbGiangVien] ([MaTkb], [TenMonHoc], [Phong], [LopHoc], [TietBatDau], [TietKetThuc], [MaGv], [SttTuan], [NgayTrongTuan]) VALUES (467, N'Kiến trúc và tổ chức máy tính', N'A30.7', N'CTK37CD', 7, 10, N'CT09', 37, 1)
INSERT [dbo].[TkbGiangVien] ([MaTkb], [TenMonHoc], [Phong], [LopHoc], [TietBatDau], [TietKetThuc], [MaGv], [SttTuan], [NgayTrongTuan]) VALUES (470, N'Kiến trúc và tổ chức máy tính', N'A27.12', N'CTK37CD', 7, 10, N'CT09', 37, 5)
INSERT [dbo].[TkbGiangVien] ([MaTkb], [TenMonHoc], [Phong], [LopHoc], [TietBatDau], [TietKetThuc], [MaGv], [SttTuan], [NgayTrongTuan]) VALUES (471, N'Chuyên đề 1', N'A20104', N'CTK36CD', 1, 4, N'CT07', 37, 0)
INSERT [dbo].[TkbGiangVien] ([MaTkb], [TenMonHoc], [Phong], [LopHoc], [TietBatDau], [TietKetThuc], [MaGv], [SttTuan], [NgayTrongTuan]) VALUES (473, N'Công cụ và môi trường lập trìn', N'A20101', N'CTK36CD', 1, 5, N'CT28', 37, 1)
INSERT [dbo].[TkbGiangVien] ([MaTkb], [TenMonHoc], [Phong], [LopHoc], [TietBatDau], [TietKetThuc], [MaGv], [SttTuan], [NgayTrongTuan]) VALUES (476, N'Công cụ và môi trường lập trìn', N'A27.5', N'CTK36CD', 7, 10, N'CT28', 37, 4)
INSERT [dbo].[TkbGiangVien] ([MaTkb], [TenMonHoc], [Phong], [LopHoc], [TietBatDau], [TietKetThuc], [MaGv], [SttTuan], [NgayTrongTuan]) VALUES (477, N'Công cụ và môi trường lập trìn', N'A31204', N'CTK36CD', 1, 5, N'CT28', 37, 5)
INSERT [dbo].[TkbGiangVien] ([MaTkb], [TenMonHoc], [Phong], [LopHoc], [TietBatDau], [TietKetThuc], [MaGv], [SttTuan], [NgayTrongTuan]) VALUES (478, N'Chuyên đề 1', N'A31205', N'CTK36CD', 7, 10, N'CT07', 37, 5)
INSERT [dbo].[TkbGiangVien] ([MaTkb], [TenMonHoc], [Phong], [LopHoc], [TietBatDau], [TietKetThuc], [MaGv], [SttTuan], [NgayTrongTuan]) VALUES (479, N'Thực tập chuyên đề 1', N'A21.3', NULL, 1, 5, N'TN20', 37, 6)
INSERT [dbo].[TkbGiangVien] ([MaTkb], [TenMonHoc], [Phong], [LopHoc], [TietBatDau], [TietKetThuc], [MaGv], [SttTuan], [NgayTrongTuan]) VALUES (480, N'TH. Tin học cơ sở', N'A21.3', NULL, 11, 13, N'CT07', 37, 1)
INSERT [dbo].[TkbGiangVien] ([MaTkb], [TenMonHoc], [Phong], [LopHoc], [TietBatDau], [TietKetThuc], [MaGv], [SttTuan], [NgayTrongTuan]) VALUES (481, N'Tin học cơ sở', N'A20105', NULL, 1, 3, N'CT07', 37, 3)
INSERT [dbo].[TkbGiangVien] ([MaTkb], [TenMonHoc], [Phong], [LopHoc], [TietBatDau], [TietKetThuc], [MaGv], [SttTuan], [NgayTrongTuan]) VALUES (482, N'TH. Tin học cơ sở', N'A21.3', NULL, 11, 13, N'CT07', 37, 4)
INSERT [dbo].[TkbGiangVien] ([MaTkb], [TenMonHoc], [Phong], [LopHoc], [TietBatDau], [TietKetThuc], [MaGv], [SttTuan], [NgayTrongTuan]) VALUES (483, N'Tin học cơ sở', N'A30.6', NULL, 11, 13, N'CT07', 37, 5)
INSERT [dbo].[TkbGiangVien] ([MaTkb], [TenMonHoc], [Phong], [LopHoc], [TietBatDau], [TietKetThuc], [MaGv], [SttTuan], [NgayTrongTuan]) VALUES (484, N'Xác suất - Thống kê', N'A27.2', NULL, 1, 4, N'TN22', 37, 0)
INSERT [dbo].[TkbGiangVien] ([MaTkb], [TenMonHoc], [Phong], [LopHoc], [TietBatDau], [TietKetThuc], [MaGv], [SttTuan], [NgayTrongTuan]) VALUES (485, N'TH. Nhập môn trí tuệ nhân tạo', N'A24LAU', NULL, 1, 4, N'TN22', 37, 6)
INSERT [dbo].[TkbGiangVien] ([MaTkb], [TenMonHoc], [Phong], [LopHoc], [TietBatDau], [TietKetThuc], [MaGv], [SttTuan], [NgayTrongTuan]) VALUES (486, N'Tin học cơ sở', N'A27.10', NULL, 11, 13, N'CT09', 37, 0)
INSERT [dbo].[TkbGiangVien] ([MaTkb], [TenMonHoc], [Phong], [LopHoc], [TietBatDau], [TietKetThuc], [MaGv], [SttTuan], [NgayTrongTuan]) VALUES (487, N'Tin học cơ sở', N'A7.4', NULL, 1, 4, N'CT09', 37, 3)
INSERT [dbo].[TkbGiangVien] ([MaTkb], [TenMonHoc], [Phong], [LopHoc], [TietBatDau], [TietKetThuc], [MaGv], [SttTuan], [NgayTrongTuan]) VALUES (488, N'Tin học cơ sở', N'A31201', NULL, 11, 13, N'CT09', 37, 4)
INSERT [dbo].[TkbGiangVien] ([MaTkb], [TenMonHoc], [Phong], [LopHoc], [TietBatDau], [TietKetThuc], [MaGv], [SttTuan], [NgayTrongTuan]) VALUES (489, N'Tin học cơ sở', N'A27.8', NULL, 11, 13, N'CT09', 37, 5)
INSERT [dbo].[TkbGiangVien] ([MaTkb], [TenMonHoc], [Phong], [LopHoc], [TietBatDau], [TietKetThuc], [MaGv], [SttTuan], [NgayTrongTuan]) VALUES (490, N'Tin học cơ sở', N'A8.5.2', NULL, 7, 10, N'CT09', 37, 6)
INSERT [dbo].[TkbGiangVien] ([MaTkb], [TenMonHoc], [Phong], [LopHoc], [TietBatDau], [TietKetThuc], [MaGv], [SttTuan], [NgayTrongTuan]) VALUES (491, N'Thương mại điện tử', N'A27.12', NULL, 1, 4, N'CT46', 37, 0)
INSERT [dbo].[TkbGiangVien] ([MaTkb], [TenMonHoc], [Phong], [LopHoc], [TietBatDau], [TietKetThuc], [MaGv], [SttTuan], [NgayTrongTuan]) VALUES (492, N'Thương mại điện tử', N'A31302', NULL, 1, 4, N'CT46', 37, 3)
INSERT [dbo].[TkbGiangVien] ([MaTkb], [TenMonHoc], [Phong], [LopHoc], [TietBatDau], [TietKetThuc], [MaGv], [SttTuan], [NgayTrongTuan]) VALUES (493, N'Tin học cơ sở', N'A27.7', NULL, 1, 4, N'CT46', 37, 4)
INSERT [dbo].[TkbGiangVien] ([MaTkb], [TenMonHoc], [Phong], [LopHoc], [TietBatDau], [TietKetThuc], [MaGv], [SttTuan], [NgayTrongTuan]) VALUES (494, N'Tin học cơ sở', N'A27.11', NULL, 7, 10, N'CT65', 37, 4)
INSERT [dbo].[TkbGiangVien] ([MaTkb], [TenMonHoc], [Phong], [LopHoc], [TietBatDau], [TietKetThuc], [MaGv], [SttTuan], [NgayTrongTuan]) VALUES (495, N'Tin học cơ sở', N'A31206', NULL, 1, 4, N'CT65', 37, 6)
INSERT [dbo].[TkbGiangVien] ([MaTkb], [TenMonHoc], [Phong], [LopHoc], [TietBatDau], [TietKetThuc], [MaGv], [SttTuan], [NgayTrongTuan]) VALUES (496, N'Đo lường điện tử', N'A8.7.1', NULL, 1, 4, N'TN16', 37, 1)
INSERT [dbo].[TkbGiangVien] ([MaTkb], [TenMonHoc], [Phong], [LopHoc], [TietBatDau], [TietKetThuc], [MaGv], [SttTuan], [NgayTrongTuan]) VALUES (497, N'Đo lường điện tử', N'A8.7.1', NULL, 1, 4, N'TN16', 37, 4)
INSERT [dbo].[TkbGiangVien] ([MaTkb], [TenMonHoc], [Phong], [LopHoc], [TietBatDau], [TietKetThuc], [MaGv], [SttTuan], [NgayTrongTuan]) VALUES (498, N'Cơ sở kỹ thuật điện tử', N'A31303', NULL, 1, 4, N'TN16', 37, 5)
INSERT [dbo].[TkbGiangVien] ([MaTkb], [TenMonHoc], [Phong], [LopHoc], [TietBatDau], [TietKetThuc], [MaGv], [SttTuan], [NgayTrongTuan]) VALUES (499, N'Điện tử tương tự', N'A27.5', NULL, 7, 10, N'TN16', 37, 5)
INSERT [dbo].[TkbGiangVien] ([MaTkb], [TenMonHoc], [Phong], [LopHoc], [TietBatDau], [TietKetThuc], [MaGv], [SttTuan], [NgayTrongTuan]) VALUES (500, N'Điện tử tương tự', N'A31204', NULL, 1, 4, N'TN16', 37, 6)
INSERT [dbo].[TkbGiangVien] ([MaTkb], [TenMonHoc], [Phong], [LopHoc], [TietBatDau], [TietKetThuc], [MaGv], [SttTuan], [NgayTrongTuan]) VALUES (501, N'Cơ sở kỹ thuật điện tử', N'A27.3', NULL, 7, 10, N'TN16', 37, 6)
INSERT [dbo].[TkbGiangVien] ([MaTkb], [TenMonHoc], [Phong], [LopHoc], [TietBatDau], [TietKetThuc], [MaGv], [SttTuan], [NgayTrongTuan]) VALUES (502, N'Công nghệ phần mềm', N'A27.6', NULL, 7, 10, N'TN15', 37, 0)
INSERT [dbo].[TkbGiangVien] ([MaTkb], [TenMonHoc], [Phong], [LopHoc], [TietBatDau], [TietKetThuc], [MaGv], [SttTuan], [NgayTrongTuan]) VALUES (503, N'Công nghệ phần mềm', N'A31303', NULL, 7, 10, N'TN15', 37, 3)
INSERT [dbo].[TkbGiangVien] ([MaTkb], [TenMonHoc], [Phong], [LopHoc], [TietBatDau], [TietKetThuc], [MaGv], [SttTuan], [NgayTrongTuan]) VALUES (504, N'Thương mại điện tử', N'A27.3', NULL, 1, 4, N'TN15', 37, 6)
SET IDENTITY_INSERT [dbo].[TkbGiangVien] OFF
/****** Object:  Table [dbo].[LichThucHanh]    Script Date: 04/23/2014 10:15:06 ******/
SET IDENTITY_INSERT [dbo].[LichThucHanh] ON
INSERT [dbo].[LichThucHanh] ([MaLichTh], [MonHocId], [TenPhong], [TenLop], [TietBatDau], [TietKetThuc], [SttTuan], [NgayTrongTuan], [Gvhd1], [Gvhd2], [Gvhd3], [GhiChu], [Gv1CoMat], [Gv2CoMat], [Gv3CoMat], [GiangVien_MaGv]) VALUES (28, 40, N'A21.3', N'CTK34B', 1, 4, 38, 0, N'CT13', NULL, NULL, NULL, 1, 1, 1, NULL)
INSERT [dbo].[LichThucHanh] ([MaLichTh], [MonHocId], [TenPhong], [TenLop], [TietBatDau], [TietKetThuc], [SttTuan], [NgayTrongTuan], [Gvhd1], [Gvhd2], [Gvhd3], [GhiChu], [Gv1CoMat], [Gv2CoMat], [Gv3CoMat], [GiangVien_MaGv]) VALUES (29, 4, N'A21.3', N'CTK34B', 11, 14, 38, 3, N'TN15', NULL, NULL, NULL, 1, 1, 1, NULL)
INSERT [dbo].[LichThucHanh] ([MaLichTh], [MonHocId], [TenPhong], [TenLop], [TietBatDau], [TietKetThuc], [SttTuan], [NgayTrongTuan], [Gvhd1], [Gvhd2], [Gvhd3], [GhiChu], [Gv1CoMat], [Gv2CoMat], [Gv3CoMat], [GiangVien_MaGv]) VALUES (30, 40, N'A21.1', N'CTK34B', 11, 14, 38, 4, N'CT13', NULL, NULL, NULL, 1, 1, 1, NULL)
INSERT [dbo].[LichThucHanh] ([MaLichTh], [MonHocId], [TenPhong], [TenLop], [TietBatDau], [TietKetThuc], [SttTuan], [NgayTrongTuan], [Gvhd1], [Gvhd2], [Gvhd3], [GhiChu], [Gv1CoMat], [Gv2CoMat], [Gv3CoMat], [GiangVien_MaGv]) VALUES (31, 34, N'A21.3', N'CTK34A', 7, 10, 38, 2, N'CT02', NULL, NULL, NULL, 1, 1, 1, NULL)
INSERT [dbo].[LichThucHanh] ([MaLichTh], [MonHocId], [TenPhong], [TenLop], [TietBatDau], [TietKetThuc], [SttTuan], [NgayTrongTuan], [Gvhd1], [Gvhd2], [Gvhd3], [GhiChu], [Gv1CoMat], [Gv2CoMat], [Gv3CoMat], [GiangVien_MaGv]) VALUES (32, 33, N'A21.3', N'CTK34A', 11, 13, 38, 2, N'CT65', NULL, NULL, NULL, 1, 1, 1, NULL)
INSERT [dbo].[LichThucHanh] ([MaLichTh], [MonHocId], [TenPhong], [TenLop], [TietBatDau], [TietKetThuc], [SttTuan], [NgayTrongTuan], [Gvhd1], [Gvhd2], [Gvhd3], [GhiChu], [Gv1CoMat], [Gv2CoMat], [Gv3CoMat], [GiangVien_MaGv]) VALUES (33, 34, N'A21.3', N'CTK34A', 7, 10, 38, 4, N'CT02', NULL, NULL, NULL, 1, 1, 1, NULL)
INSERT [dbo].[LichThucHanh] ([MaLichTh], [MonHocId], [TenPhong], [TenLop], [TietBatDau], [TietKetThuc], [SttTuan], [NgayTrongTuan], [Gvhd1], [Gvhd2], [Gvhd3], [GhiChu], [Gv1CoMat], [Gv2CoMat], [Gv3CoMat], [GiangVien_MaGv]) VALUES (34, 33, N'A21.3', N'CTK34A', 11, 13, 38, 5, N'CT65', NULL, NULL, NULL, 1, 1, 1, NULL)
INSERT [dbo].[LichThucHanh] ([MaLichTh], [MonHocId], [TenPhong], [TenLop], [TietBatDau], [TietKetThuc], [SttTuan], [NgayTrongTuan], [Gvhd1], [Gvhd2], [Gvhd3], [GhiChu], [Gv1CoMat], [Gv2CoMat], [Gv3CoMat], [GiangVien_MaGv]) VALUES (35, 20, N'A21.3', N'CTK35', 7, 10, 38, 0, N'CT46', NULL, NULL, NULL, 1, 1, 1, NULL)
INSERT [dbo].[LichThucHanh] ([MaLichTh], [MonHocId], [TenPhong], [TenLop], [TietBatDau], [TietKetThuc], [SttTuan], [NgayTrongTuan], [Gvhd1], [Gvhd2], [Gvhd3], [GhiChu], [Gv1CoMat], [Gv2CoMat], [Gv3CoMat], [GiangVien_MaGv]) VALUES (36, 21, N'A6.MT', N'CTK35', 11, 14, 38, 0, N'TN22', NULL, NULL, NULL, 1, 1, 1, NULL)
INSERT [dbo].[LichThucHanh] ([MaLichTh], [MonHocId], [TenPhong], [TenLop], [TietBatDau], [TietKetThuc], [SttTuan], [NgayTrongTuan], [Gvhd1], [Gvhd2], [Gvhd3], [GhiChu], [Gv1CoMat], [Gv2CoMat], [Gv3CoMat], [GiangVien_MaGv]) VALUES (37, 25, N'A21.3', N'CTK35', 7, 10, 38, 1, N'CT46', NULL, NULL, NULL, 1, 1, 1, NULL)
INSERT [dbo].[LichThucHanh] ([MaLichTh], [MonHocId], [TenPhong], [TenLop], [TietBatDau], [TietKetThuc], [SttTuan], [NgayTrongTuan], [Gvhd1], [Gvhd2], [Gvhd3], [GhiChu], [Gv1CoMat], [Gv2CoMat], [Gv3CoMat], [GiangVien_MaGv]) VALUES (38, 20, N'A21.3', N'CTK35', 7, 10, 38, 5, N'CT46', NULL, NULL, NULL, 1, 1, 1, NULL)
INSERT [dbo].[LichThucHanh] ([MaLichTh], [MonHocId], [TenPhong], [TenLop], [TietBatDau], [TietKetThuc], [SttTuan], [NgayTrongTuan], [Gvhd1], [Gvhd2], [Gvhd3], [GhiChu], [Gv1CoMat], [Gv2CoMat], [Gv3CoMat], [GiangVien_MaGv]) VALUES (39, 21, N'A6.MT', N'CTK35', 11, 14, 38, 5, N'TN22', NULL, NULL, NULL, 1, 1, 1, NULL)
INSERT [dbo].[LichThucHanh] ([MaLichTh], [MonHocId], [TenPhong], [TenLop], [TietBatDau], [TietKetThuc], [SttTuan], [NgayTrongTuan], [Gvhd1], [Gvhd2], [Gvhd3], [GhiChu], [Gv1CoMat], [Gv2CoMat], [Gv3CoMat], [GiangVien_MaGv]) VALUES (40, 17, N'A6.MT', N'CTK36', 7, 10, 38, 0, N'TN15', NULL, NULL, NULL, 1, 1, 1, NULL)
INSERT [dbo].[LichThucHanh] ([MaLichTh], [MonHocId], [TenPhong], [TenLop], [TietBatDau], [TietKetThuc], [SttTuan], [NgayTrongTuan], [Gvhd1], [Gvhd2], [Gvhd3], [GhiChu], [Gv1CoMat], [Gv2CoMat], [Gv3CoMat], [GiangVien_MaGv]) VALUES (41, 18, N'A6.MT', N'CTK36', 1, 4, 38, 1, N'CT13', NULL, NULL, NULL, 1, 1, 1, NULL)
INSERT [dbo].[LichThucHanh] ([MaLichTh], [MonHocId], [TenPhong], [TenLop], [TietBatDau], [TietKetThuc], [SttTuan], [NgayTrongTuan], [Gvhd1], [Gvhd2], [Gvhd3], [GhiChu], [Gv1CoMat], [Gv2CoMat], [Gv3CoMat], [GiangVien_MaGv]) VALUES (42, 17, N'A6.MT', N'CTK36', 7, 10, 38, 2, N'TN15', NULL, NULL, NULL, 1, 1, 1, NULL)
INSERT [dbo].[LichThucHanh] ([MaLichTh], [MonHocId], [TenPhong], [TenLop], [TietBatDau], [TietKetThuc], [SttTuan], [NgayTrongTuan], [Gvhd1], [Gvhd2], [Gvhd3], [GhiChu], [Gv1CoMat], [Gv2CoMat], [Gv3CoMat], [GiangVien_MaGv]) VALUES (43, 18, N'A6.MT', N'CTK36', 1, 4, 38, 3, N'CT13', NULL, NULL, NULL, 1, 1, 1, NULL)
INSERT [dbo].[LichThucHanh] ([MaLichTh], [MonHocId], [TenPhong], [TenLop], [TietBatDau], [TietKetThuc], [SttTuan], [NgayTrongTuan], [Gvhd1], [Gvhd2], [Gvhd3], [GhiChu], [Gv1CoMat], [Gv2CoMat], [Gv3CoMat], [GiangVien_MaGv]) VALUES (44, 11, N'A21.3', N'CTK36CD', 1, 4, 38, 2, N'CT59', NULL, NULL, NULL, 1, 1, 1, NULL)
INSERT [dbo].[LichThucHanh] ([MaLichTh], [MonHocId], [TenPhong], [TenLop], [TietBatDau], [TietKetThuc], [SttTuan], [NgayTrongTuan], [Gvhd1], [Gvhd2], [Gvhd3], [GhiChu], [Gv1CoMat], [Gv2CoMat], [Gv3CoMat], [GiangVien_MaGv]) VALUES (45, 11, N'A21.3', N'CTK36CD', 1, 4, 38, 3, N'CT59', NULL, NULL, NULL, 1, 1, 1, NULL)
INSERT [dbo].[LichThucHanh] ([MaLichTh], [MonHocId], [TenPhong], [TenLop], [TietBatDau], [TietKetThuc], [SttTuan], [NgayTrongTuan], [Gvhd1], [Gvhd2], [Gvhd3], [GhiChu], [Gv1CoMat], [Gv2CoMat], [Gv3CoMat], [GiangVien_MaGv]) VALUES (46, 12, N'A21.3', N'CTK36CD', 7, 10, 38, 3, N'CT28', NULL, NULL, NULL, 1, 1, 1, NULL)
INSERT [dbo].[LichThucHanh] ([MaLichTh], [MonHocId], [TenPhong], [TenLop], [TietBatDau], [TietKetThuc], [SttTuan], [NgayTrongTuan], [Gvhd1], [Gvhd2], [Gvhd3], [GhiChu], [Gv1CoMat], [Gv2CoMat], [Gv3CoMat], [GiangVien_MaGv]) VALUES (47, 16, N'A6.MT', N'CTK36CD', 11, 14, 38, 3, N'CT07', NULL, NULL, NULL, 1, 1, 1, NULL)
INSERT [dbo].[LichThucHanh] ([MaLichTh], [MonHocId], [TenPhong], [TenLop], [TietBatDau], [TietKetThuc], [SttTuan], [NgayTrongTuan], [Gvhd1], [Gvhd2], [Gvhd3], [GhiChu], [Gv1CoMat], [Gv2CoMat], [Gv3CoMat], [GiangVien_MaGv]) VALUES (48, 12, N'A6.MT', N'CTK36CD', 1, 4, 38, 4, N'CT28', NULL, NULL, NULL, 1, 1, 1, NULL)
INSERT [dbo].[LichThucHanh] ([MaLichTh], [MonHocId], [TenPhong], [TenLop], [TietBatDau], [TietKetThuc], [SttTuan], [NgayTrongTuan], [Gvhd1], [Gvhd2], [Gvhd3], [GhiChu], [Gv1CoMat], [Gv2CoMat], [Gv3CoMat], [GiangVien_MaGv]) VALUES (49, 12, N'A21.3', N'CTK36CD', 1, 4, 38, 5, N'CT28', NULL, NULL, NULL, 1, 1, 1, NULL)
INSERT [dbo].[LichThucHanh] ([MaLichTh], [MonHocId], [TenPhong], [TenLop], [TietBatDau], [TietKetThuc], [SttTuan], [NgayTrongTuan], [Gvhd1], [Gvhd2], [Gvhd3], [GhiChu], [Gv1CoMat], [Gv2CoMat], [Gv3CoMat], [GiangVien_MaGv]) VALUES (50, 2, N'A6.MT', N'CTK37', 11, 13, 38, 1, N'TN16', NULL, NULL, NULL, 1, 1, 1, NULL)
INSERT [dbo].[LichThucHanh] ([MaLichTh], [MonHocId], [TenPhong], [TenLop], [TietBatDau], [TietKetThuc], [SttTuan], [NgayTrongTuan], [Gvhd1], [Gvhd2], [Gvhd3], [GhiChu], [Gv1CoMat], [Gv2CoMat], [Gv3CoMat], [GiangVien_MaGv]) VALUES (51, 2, N'A6.MT', N'CTK37', 11, 13, 38, 2, N'TN16', NULL, NULL, NULL, 1, 1, 1, NULL)
INSERT [dbo].[LichThucHanh] ([MaLichTh], [MonHocId], [TenPhong], [TenLop], [TietBatDau], [TietKetThuc], [SttTuan], [NgayTrongTuan], [Gvhd1], [Gvhd2], [Gvhd3], [GhiChu], [Gv1CoMat], [Gv2CoMat], [Gv3CoMat], [GiangVien_MaGv]) VALUES (52, 3, N'A6.MT', N'CTK37', 7, 10, 38, 3, N'CT65', NULL, NULL, NULL, 1, 1, 1, NULL)
INSERT [dbo].[LichThucHanh] ([MaLichTh], [MonHocId], [TenPhong], [TenLop], [TietBatDau], [TietKetThuc], [SttTuan], [NgayTrongTuan], [Gvhd1], [Gvhd2], [Gvhd3], [GhiChu], [Gv1CoMat], [Gv2CoMat], [Gv3CoMat], [GiangVien_MaGv]) VALUES (53, 2, N'A6.1', N'CTK37', 11, 13, 38, 4, N'TN16', NULL, NULL, NULL, 1, 1, 1, NULL)
INSERT [dbo].[LichThucHanh] ([MaLichTh], [MonHocId], [TenPhong], [TenLop], [TietBatDau], [TietKetThuc], [SttTuan], [NgayTrongTuan], [Gvhd1], [Gvhd2], [Gvhd3], [GhiChu], [Gv1CoMat], [Gv2CoMat], [Gv3CoMat], [GiangVien_MaGv]) VALUES (54, 8, N'A6.MT', N'CTK37CD', 1, 4, 38, 2, N'CT13', NULL, NULL, NULL, 1, 1, 1, NULL)
INSERT [dbo].[LichThucHanh] ([MaLichTh], [MonHocId], [TenPhong], [TenLop], [TietBatDau], [TietKetThuc], [SttTuan], [NgayTrongTuan], [Gvhd1], [Gvhd2], [Gvhd3], [GhiChu], [Gv1CoMat], [Gv2CoMat], [Gv3CoMat], [GiangVien_MaGv]) VALUES (55, 7, N'A6.2', N'CTK37CD', 1, 4, 38, 4, N'CT60', NULL, NULL, NULL, 1, 1, 1, NULL)
INSERT [dbo].[LichThucHanh] ([MaLichTh], [MonHocId], [TenPhong], [TenLop], [TietBatDau], [TietKetThuc], [SttTuan], [NgayTrongTuan], [Gvhd1], [Gvhd2], [Gvhd3], [GhiChu], [Gv1CoMat], [Gv2CoMat], [Gv3CoMat], [GiangVien_MaGv]) VALUES (56, 8, N'A6.MT', N'CTK37CD', 7, 10, 38, 4, N'CT13', NULL, NULL, NULL, 1, 1, 1, NULL)
INSERT [dbo].[LichThucHanh] ([MaLichTh], [MonHocId], [TenPhong], [TenLop], [TietBatDau], [TietKetThuc], [SttTuan], [NgayTrongTuan], [Gvhd1], [Gvhd2], [Gvhd3], [GhiChu], [Gv1CoMat], [Gv2CoMat], [Gv3CoMat], [GiangVien_MaGv]) VALUES (57, 40, N'A21.3', N'CTK34B', 1, 4, 38, 0, N'CT13', NULL, NULL, NULL, 1, 1, 1, NULL)
INSERT [dbo].[LichThucHanh] ([MaLichTh], [MonHocId], [TenPhong], [TenLop], [TietBatDau], [TietKetThuc], [SttTuan], [NgayTrongTuan], [Gvhd1], [Gvhd2], [Gvhd3], [GhiChu], [Gv1CoMat], [Gv2CoMat], [Gv3CoMat], [GiangVien_MaGv]) VALUES (58, 4, N'A21.3', N'CTK34B', 11, 14, 38, 3, N'TN15', NULL, NULL, NULL, 1, 1, 1, NULL)
INSERT [dbo].[LichThucHanh] ([MaLichTh], [MonHocId], [TenPhong], [TenLop], [TietBatDau], [TietKetThuc], [SttTuan], [NgayTrongTuan], [Gvhd1], [Gvhd2], [Gvhd3], [GhiChu], [Gv1CoMat], [Gv2CoMat], [Gv3CoMat], [GiangVien_MaGv]) VALUES (59, 40, N'A21.1', N'CTK34B', 11, 14, 38, 4, N'CT13', NULL, NULL, NULL, 1, 1, 1, NULL)
INSERT [dbo].[LichThucHanh] ([MaLichTh], [MonHocId], [TenPhong], [TenLop], [TietBatDau], [TietKetThuc], [SttTuan], [NgayTrongTuan], [Gvhd1], [Gvhd2], [Gvhd3], [GhiChu], [Gv1CoMat], [Gv2CoMat], [Gv3CoMat], [GiangVien_MaGv]) VALUES (60, 20, N'A21.3', N'CTK35', 7, 10, 38, 0, N'CT46', NULL, NULL, NULL, 1, 1, 1, NULL)
INSERT [dbo].[LichThucHanh] ([MaLichTh], [MonHocId], [TenPhong], [TenLop], [TietBatDau], [TietKetThuc], [SttTuan], [NgayTrongTuan], [Gvhd1], [Gvhd2], [Gvhd3], [GhiChu], [Gv1CoMat], [Gv2CoMat], [Gv3CoMat], [GiangVien_MaGv]) VALUES (61, 21, N'A6.MT', N'CTK35', 11, 14, 38, 0, N'TN22', NULL, NULL, NULL, 1, 1, 1, NULL)
INSERT [dbo].[LichThucHanh] ([MaLichTh], [MonHocId], [TenPhong], [TenLop], [TietBatDau], [TietKetThuc], [SttTuan], [NgayTrongTuan], [Gvhd1], [Gvhd2], [Gvhd3], [GhiChu], [Gv1CoMat], [Gv2CoMat], [Gv3CoMat], [GiangVien_MaGv]) VALUES (62, 25, N'A21.3', N'CTK35', 7, 10, 38, 1, N'CT46', NULL, NULL, NULL, 1, 1, 1, NULL)
INSERT [dbo].[LichThucHanh] ([MaLichTh], [MonHocId], [TenPhong], [TenLop], [TietBatDau], [TietKetThuc], [SttTuan], [NgayTrongTuan], [Gvhd1], [Gvhd2], [Gvhd3], [GhiChu], [Gv1CoMat], [Gv2CoMat], [Gv3CoMat], [GiangVien_MaGv]) VALUES (63, 20, N'A21.3', N'CTK35', 7, 10, 38, 5, N'CT46', NULL, NULL, NULL, 1, 1, 1, NULL)
INSERT [dbo].[LichThucHanh] ([MaLichTh], [MonHocId], [TenPhong], [TenLop], [TietBatDau], [TietKetThuc], [SttTuan], [NgayTrongTuan], [Gvhd1], [Gvhd2], [Gvhd3], [GhiChu], [Gv1CoMat], [Gv2CoMat], [Gv3CoMat], [GiangVien_MaGv]) VALUES (64, 21, N'A6.MT', N'CTK35', 11, 14, 38, 5, N'TN22', NULL, NULL, NULL, 1, 1, 1, NULL)
INSERT [dbo].[LichThucHanh] ([MaLichTh], [MonHocId], [TenPhong], [TenLop], [TietBatDau], [TietKetThuc], [SttTuan], [NgayTrongTuan], [Gvhd1], [Gvhd2], [Gvhd3], [GhiChu], [Gv1CoMat], [Gv2CoMat], [Gv3CoMat], [GiangVien_MaGv]) VALUES (65, 17, N'A6.MT', N'CTK36', 7, 10, 38, 0, N'TN15', NULL, NULL, NULL, 1, 1, 1, NULL)
INSERT [dbo].[LichThucHanh] ([MaLichTh], [MonHocId], [TenPhong], [TenLop], [TietBatDau], [TietKetThuc], [SttTuan], [NgayTrongTuan], [Gvhd1], [Gvhd2], [Gvhd3], [GhiChu], [Gv1CoMat], [Gv2CoMat], [Gv3CoMat], [GiangVien_MaGv]) VALUES (66, 18, N'A6.MT', N'CTK36', 1, 4, 38, 1, N'CT13', NULL, NULL, NULL, 1, 1, 1, NULL)
INSERT [dbo].[LichThucHanh] ([MaLichTh], [MonHocId], [TenPhong], [TenLop], [TietBatDau], [TietKetThuc], [SttTuan], [NgayTrongTuan], [Gvhd1], [Gvhd2], [Gvhd3], [GhiChu], [Gv1CoMat], [Gv2CoMat], [Gv3CoMat], [GiangVien_MaGv]) VALUES (67, 17, N'A6.MT', N'CTK36', 7, 10, 38, 2, N'TN15', NULL, NULL, NULL, 1, 1, 1, NULL)
INSERT [dbo].[LichThucHanh] ([MaLichTh], [MonHocId], [TenPhong], [TenLop], [TietBatDau], [TietKetThuc], [SttTuan], [NgayTrongTuan], [Gvhd1], [Gvhd2], [Gvhd3], [GhiChu], [Gv1CoMat], [Gv2CoMat], [Gv3CoMat], [GiangVien_MaGv]) VALUES (68, 18, N'A6.MT', N'CTK36', 1, 4, 38, 3, N'CT13', NULL, NULL, NULL, 1, 1, 1, NULL)
INSERT [dbo].[LichThucHanh] ([MaLichTh], [MonHocId], [TenPhong], [TenLop], [TietBatDau], [TietKetThuc], [SttTuan], [NgayTrongTuan], [Gvhd1], [Gvhd2], [Gvhd3], [GhiChu], [Gv1CoMat], [Gv2CoMat], [Gv3CoMat], [GiangVien_MaGv]) VALUES (69, 11, N'A21.3', N'CTK36CD', 1, 4, 38, 2, N'CT59', NULL, NULL, NULL, 1, 1, 1, NULL)
INSERT [dbo].[LichThucHanh] ([MaLichTh], [MonHocId], [TenPhong], [TenLop], [TietBatDau], [TietKetThuc], [SttTuan], [NgayTrongTuan], [Gvhd1], [Gvhd2], [Gvhd3], [GhiChu], [Gv1CoMat], [Gv2CoMat], [Gv3CoMat], [GiangVien_MaGv]) VALUES (70, 11, N'A21.3', N'CTK36CD', 1, 4, 38, 3, N'CT59', NULL, NULL, NULL, 1, 1, 1, NULL)
INSERT [dbo].[LichThucHanh] ([MaLichTh], [MonHocId], [TenPhong], [TenLop], [TietBatDau], [TietKetThuc], [SttTuan], [NgayTrongTuan], [Gvhd1], [Gvhd2], [Gvhd3], [GhiChu], [Gv1CoMat], [Gv2CoMat], [Gv3CoMat], [GiangVien_MaGv]) VALUES (71, 12, N'A21.3', N'CTK36CD', 7, 10, 38, 3, N'CT28', NULL, NULL, NULL, 1, 1, 1, NULL)
INSERT [dbo].[LichThucHanh] ([MaLichTh], [MonHocId], [TenPhong], [TenLop], [TietBatDau], [TietKetThuc], [SttTuan], [NgayTrongTuan], [Gvhd1], [Gvhd2], [Gvhd3], [GhiChu], [Gv1CoMat], [Gv2CoMat], [Gv3CoMat], [GiangVien_MaGv]) VALUES (72, 16, N'A6.MT', N'CTK36CD', 11, 14, 38, 3, N'CT07', NULL, NULL, NULL, 1, 1, 1, NULL)
INSERT [dbo].[LichThucHanh] ([MaLichTh], [MonHocId], [TenPhong], [TenLop], [TietBatDau], [TietKetThuc], [SttTuan], [NgayTrongTuan], [Gvhd1], [Gvhd2], [Gvhd3], [GhiChu], [Gv1CoMat], [Gv2CoMat], [Gv3CoMat], [GiangVien_MaGv]) VALUES (73, 12, N'A6.MT', N'CTK36CD', 1, 4, 38, 4, N'CT28', NULL, NULL, NULL, 1, 1, 1, NULL)
INSERT [dbo].[LichThucHanh] ([MaLichTh], [MonHocId], [TenPhong], [TenLop], [TietBatDau], [TietKetThuc], [SttTuan], [NgayTrongTuan], [Gvhd1], [Gvhd2], [Gvhd3], [GhiChu], [Gv1CoMat], [Gv2CoMat], [Gv3CoMat], [GiangVien_MaGv]) VALUES (74, 12, N'A21.3', N'CTK36CD', 1, 4, 38, 5, N'CT28', NULL, NULL, NULL, 1, 1, 1, NULL)
INSERT [dbo].[LichThucHanh] ([MaLichTh], [MonHocId], [TenPhong], [TenLop], [TietBatDau], [TietKetThuc], [SttTuan], [NgayTrongTuan], [Gvhd1], [Gvhd2], [Gvhd3], [GhiChu], [Gv1CoMat], [Gv2CoMat], [Gv3CoMat], [GiangVien_MaGv]) VALUES (75, 2, N'A6.MT', N'CTK37', 11, 13, 38, 1, N'TN16', NULL, NULL, NULL, 1, 1, 1, NULL)
INSERT [dbo].[LichThucHanh] ([MaLichTh], [MonHocId], [TenPhong], [TenLop], [TietBatDau], [TietKetThuc], [SttTuan], [NgayTrongTuan], [Gvhd1], [Gvhd2], [Gvhd3], [GhiChu], [Gv1CoMat], [Gv2CoMat], [Gv3CoMat], [GiangVien_MaGv]) VALUES (76, 2, N'A6.MT', N'CTK37', 11, 13, 38, 2, N'TN16', NULL, NULL, NULL, 1, 1, 1, NULL)
INSERT [dbo].[LichThucHanh] ([MaLichTh], [MonHocId], [TenPhong], [TenLop], [TietBatDau], [TietKetThuc], [SttTuan], [NgayTrongTuan], [Gvhd1], [Gvhd2], [Gvhd3], [GhiChu], [Gv1CoMat], [Gv2CoMat], [Gv3CoMat], [GiangVien_MaGv]) VALUES (77, 3, N'A6.MT', N'CTK37', 7, 10, 38, 3, N'CT65', NULL, NULL, NULL, 1, 1, 1, NULL)
INSERT [dbo].[LichThucHanh] ([MaLichTh], [MonHocId], [TenPhong], [TenLop], [TietBatDau], [TietKetThuc], [SttTuan], [NgayTrongTuan], [Gvhd1], [Gvhd2], [Gvhd3], [GhiChu], [Gv1CoMat], [Gv2CoMat], [Gv3CoMat], [GiangVien_MaGv]) VALUES (78, 2, N'A6.1', N'CTK37', 11, 13, 38, 4, N'TN16', NULL, NULL, NULL, 1, 1, 1, NULL)
INSERT [dbo].[LichThucHanh] ([MaLichTh], [MonHocId], [TenPhong], [TenLop], [TietBatDau], [TietKetThuc], [SttTuan], [NgayTrongTuan], [Gvhd1], [Gvhd2], [Gvhd3], [GhiChu], [Gv1CoMat], [Gv2CoMat], [Gv3CoMat], [GiangVien_MaGv]) VALUES (79, 34, N'A21.3', N'CTK34A', 7, 10, 38, 2, N'CT02', NULL, NULL, NULL, 1, 1, 1, NULL)
INSERT [dbo].[LichThucHanh] ([MaLichTh], [MonHocId], [TenPhong], [TenLop], [TietBatDau], [TietKetThuc], [SttTuan], [NgayTrongTuan], [Gvhd1], [Gvhd2], [Gvhd3], [GhiChu], [Gv1CoMat], [Gv2CoMat], [Gv3CoMat], [GiangVien_MaGv]) VALUES (80, 33, N'A21.3', N'CTK34A', 11, 13, 38, 2, N'CT65', NULL, NULL, NULL, 1, 1, 1, NULL)
INSERT [dbo].[LichThucHanh] ([MaLichTh], [MonHocId], [TenPhong], [TenLop], [TietBatDau], [TietKetThuc], [SttTuan], [NgayTrongTuan], [Gvhd1], [Gvhd2], [Gvhd3], [GhiChu], [Gv1CoMat], [Gv2CoMat], [Gv3CoMat], [GiangVien_MaGv]) VALUES (81, 34, N'A21.3', N'CTK34A', 7, 10, 38, 4, N'CT02', NULL, NULL, NULL, 1, 1, 1, NULL)
INSERT [dbo].[LichThucHanh] ([MaLichTh], [MonHocId], [TenPhong], [TenLop], [TietBatDau], [TietKetThuc], [SttTuan], [NgayTrongTuan], [Gvhd1], [Gvhd2], [Gvhd3], [GhiChu], [Gv1CoMat], [Gv2CoMat], [Gv3CoMat], [GiangVien_MaGv]) VALUES (82, 33, N'A21.3', N'CTK34A', 11, 13, 38, 5, N'CT65', NULL, NULL, NULL, 1, 1, 1, NULL)
INSERT [dbo].[LichThucHanh] ([MaLichTh], [MonHocId], [TenPhong], [TenLop], [TietBatDau], [TietKetThuc], [SttTuan], [NgayTrongTuan], [Gvhd1], [Gvhd2], [Gvhd3], [GhiChu], [Gv1CoMat], [Gv2CoMat], [Gv3CoMat], [GiangVien_MaGv]) VALUES (83, 8, N'A6.MT', N'CTK37CD', 1, 4, 38, 2, N'CT13', NULL, NULL, NULL, 1, 1, 1, NULL)
INSERT [dbo].[LichThucHanh] ([MaLichTh], [MonHocId], [TenPhong], [TenLop], [TietBatDau], [TietKetThuc], [SttTuan], [NgayTrongTuan], [Gvhd1], [Gvhd2], [Gvhd3], [GhiChu], [Gv1CoMat], [Gv2CoMat], [Gv3CoMat], [GiangVien_MaGv]) VALUES (84, 7, N'A6.2', N'CTK37CD', 1, 4, 38, 4, N'CT60', NULL, NULL, NULL, 1, 1, 1, NULL)
INSERT [dbo].[LichThucHanh] ([MaLichTh], [MonHocId], [TenPhong], [TenLop], [TietBatDau], [TietKetThuc], [SttTuan], [NgayTrongTuan], [Gvhd1], [Gvhd2], [Gvhd3], [GhiChu], [Gv1CoMat], [Gv2CoMat], [Gv3CoMat], [GiangVien_MaGv]) VALUES (85, 8, N'A6.MT', N'CTK37CD', 7, 10, 38, 4, N'CT13', NULL, NULL, NULL, 1, 1, 1, NULL)
INSERT [dbo].[LichThucHanh] ([MaLichTh], [MonHocId], [TenPhong], [TenLop], [TietBatDau], [TietKetThuc], [SttTuan], [NgayTrongTuan], [Gvhd1], [Gvhd2], [Gvhd3], [GhiChu], [Gv1CoMat], [Gv2CoMat], [Gv3CoMat], [GiangVien_MaGv]) VALUES (86, 2, N'A6.MT', N'CTK37', 11, 13, 35, 0, N'TN16', NULL, NULL, NULL, 1, 1, 1, NULL)
INSERT [dbo].[LichThucHanh] ([MaLichTh], [MonHocId], [TenPhong], [TenLop], [TietBatDau], [TietKetThuc], [SttTuan], [NgayTrongTuan], [Gvhd1], [Gvhd2], [Gvhd3], [GhiChu], [Gv1CoMat], [Gv2CoMat], [Gv3CoMat], [GiangVien_MaGv]) VALUES (87, 2, N'A6.MT', N'CTK37', 11, 13, 35, 2, N'TN16', NULL, NULL, NULL, 1, 1, 1, NULL)
INSERT [dbo].[LichThucHanh] ([MaLichTh], [MonHocId], [TenPhong], [TenLop], [TietBatDau], [TietKetThuc], [SttTuan], [NgayTrongTuan], [Gvhd1], [Gvhd2], [Gvhd3], [GhiChu], [Gv1CoMat], [Gv2CoMat], [Gv3CoMat], [GiangVien_MaGv]) VALUES (88, 3, N'A6.MT', N'CTK37', 7, 10, 35, 3, N'CT65', NULL, NULL, NULL, 1, 1, 1, NULL)
INSERT [dbo].[LichThucHanh] ([MaLichTh], [MonHocId], [TenPhong], [TenLop], [TietBatDau], [TietKetThuc], [SttTuan], [NgayTrongTuan], [Gvhd1], [Gvhd2], [Gvhd3], [GhiChu], [Gv1CoMat], [Gv2CoMat], [Gv3CoMat], [GiangVien_MaGv]) VALUES (89, 36, N'A21.3', N'CTK34A', 7, 10, 35, 1, N'CT07', NULL, NULL, NULL, 1, 1, 1, NULL)
INSERT [dbo].[LichThucHanh] ([MaLichTh], [MonHocId], [TenPhong], [TenLop], [TietBatDau], [TietKetThuc], [SttTuan], [NgayTrongTuan], [Gvhd1], [Gvhd2], [Gvhd3], [GhiChu], [Gv1CoMat], [Gv2CoMat], [Gv3CoMat], [GiangVien_MaGv]) VALUES (90, 34, N'A21.3', N'CTK34A', 7, 10, 35, 2, N'CT02', NULL, NULL, NULL, 1, 1, 1, NULL)
INSERT [dbo].[LichThucHanh] ([MaLichTh], [MonHocId], [TenPhong], [TenLop], [TietBatDau], [TietKetThuc], [SttTuan], [NgayTrongTuan], [Gvhd1], [Gvhd2], [Gvhd3], [GhiChu], [Gv1CoMat], [Gv2CoMat], [Gv3CoMat], [GiangVien_MaGv]) VALUES (91, 34, N'A21.3', N'CTK34A', 7, 10, 35, 3, N'CT02', NULL, NULL, NULL, 1, 1, 1, NULL)
INSERT [dbo].[LichThucHanh] ([MaLichTh], [MonHocId], [TenPhong], [TenLop], [TietBatDau], [TietKetThuc], [SttTuan], [NgayTrongTuan], [Gvhd1], [Gvhd2], [Gvhd3], [GhiChu], [Gv1CoMat], [Gv2CoMat], [Gv3CoMat], [GiangVien_MaGv]) VALUES (92, 11, N'A21.3', N'CTK36CD', 1, 4, 35, 1, N'CT59', NULL, NULL, NULL, 1, 1, 1, NULL)
INSERT [dbo].[LichThucHanh] ([MaLichTh], [MonHocId], [TenPhong], [TenLop], [TietBatDau], [TietKetThuc], [SttTuan], [NgayTrongTuan], [Gvhd1], [Gvhd2], [Gvhd3], [GhiChu], [Gv1CoMat], [Gv2CoMat], [Gv3CoMat], [GiangVien_MaGv]) VALUES (93, 11, N'A21.3', N'CTK36CD', 1, 4, 35, 4, N'CT59', NULL, NULL, NULL, 1, 1, 1, NULL)
INSERT [dbo].[LichThucHanh] ([MaLichTh], [MonHocId], [TenPhong], [TenLop], [TietBatDau], [TietKetThuc], [SttTuan], [NgayTrongTuan], [Gvhd1], [Gvhd2], [Gvhd3], [GhiChu], [Gv1CoMat], [Gv2CoMat], [Gv3CoMat], [GiangVien_MaGv]) VALUES (94, 18, N'A6.MT', N'CTK36', 1, 4, 35, 1, N'CT13', NULL, NULL, NULL, 1, 1, 1, NULL)
INSERT [dbo].[LichThucHanh] ([MaLichTh], [MonHocId], [TenPhong], [TenLop], [TietBatDau], [TietKetThuc], [SttTuan], [NgayTrongTuan], [Gvhd1], [Gvhd2], [Gvhd3], [GhiChu], [Gv1CoMat], [Gv2CoMat], [Gv3CoMat], [GiangVien_MaGv]) VALUES (95, 18, N'A6.MT', N'CTK36', 1, 4, 35, 3, N'CT13', NULL, NULL, NULL, 1, 1, 1, NULL)
INSERT [dbo].[LichThucHanh] ([MaLichTh], [MonHocId], [TenPhong], [TenLop], [TietBatDau], [TietKetThuc], [SttTuan], [NgayTrongTuan], [Gvhd1], [Gvhd2], [Gvhd3], [GhiChu], [Gv1CoMat], [Gv2CoMat], [Gv3CoMat], [GiangVien_MaGv]) VALUES (96, 26, N'A21.3', N'CTK35', 7, 10, 35, 0, N'CT28', NULL, NULL, NULL, 1, 1, 1, NULL)
INSERT [dbo].[LichThucHanh] ([MaLichTh], [MonHocId], [TenPhong], [TenLop], [TietBatDau], [TietKetThuc], [SttTuan], [NgayTrongTuan], [Gvhd1], [Gvhd2], [Gvhd3], [GhiChu], [Gv1CoMat], [Gv2CoMat], [Gv3CoMat], [GiangVien_MaGv]) VALUES (97, 26, N'A6.MT', N'CTK35', 7, 10, 35, 2, N'CT28', NULL, NULL, NULL, 1, 1, 1, NULL)
INSERT [dbo].[LichThucHanh] ([MaLichTh], [MonHocId], [TenPhong], [TenLop], [TietBatDau], [TietKetThuc], [SttTuan], [NgayTrongTuan], [Gvhd1], [Gvhd2], [Gvhd3], [GhiChu], [Gv1CoMat], [Gv2CoMat], [Gv3CoMat], [GiangVien_MaGv]) VALUES (98, 21, N'A6.MT', N'CTK35', 1, 4, 35, 4, N'TN22', NULL, NULL, NULL, 1, 1, 1, NULL)
INSERT [dbo].[LichThucHanh] ([MaLichTh], [MonHocId], [TenPhong], [TenLop], [TietBatDau], [TietKetThuc], [SttTuan], [NgayTrongTuan], [Gvhd1], [Gvhd2], [Gvhd3], [GhiChu], [Gv1CoMat], [Gv2CoMat], [Gv3CoMat], [GiangVien_MaGv]) VALUES (99, 10, N'A6.1', N'CTK37CD', 1, 4, 35, 1, N'CT50', NULL, NULL, NULL, 1, 1, 1, NULL)
INSERT [dbo].[LichThucHanh] ([MaLichTh], [MonHocId], [TenPhong], [TenLop], [TietBatDau], [TietKetThuc], [SttTuan], [NgayTrongTuan], [Gvhd1], [Gvhd2], [Gvhd3], [GhiChu], [Gv1CoMat], [Gv2CoMat], [Gv3CoMat], [GiangVien_MaGv]) VALUES (100, 8, N'A6.MT', N'CTK37CD', 1, 4, 35, 2, N'CT13', NULL, NULL, NULL, 1, 1, 1, NULL)
INSERT [dbo].[LichThucHanh] ([MaLichTh], [MonHocId], [TenPhong], [TenLop], [TietBatDau], [TietKetThuc], [SttTuan], [NgayTrongTuan], [Gvhd1], [Gvhd2], [Gvhd3], [GhiChu], [Gv1CoMat], [Gv2CoMat], [Gv3CoMat], [GiangVien_MaGv]) VALUES (101, 7, N'A6.2', N'CTK37CD', 7, 10, 35, 3, N'CT60', NULL, NULL, NULL, 1, 1, 1, NULL)
INSERT [dbo].[LichThucHanh] ([MaLichTh], [MonHocId], [TenPhong], [TenLop], [TietBatDau], [TietKetThuc], [SttTuan], [NgayTrongTuan], [Gvhd1], [Gvhd2], [Gvhd3], [GhiChu], [Gv1CoMat], [Gv2CoMat], [Gv3CoMat], [GiangVien_MaGv]) VALUES (102, 8, N'A6.MT', N'CTK37CD', 7, 10, 35, 4, N'CT13', NULL, NULL, NULL, 1, 1, 1, NULL)
INSERT [dbo].[LichThucHanh] ([MaLichTh], [MonHocId], [TenPhong], [TenLop], [TietBatDau], [TietKetThuc], [SttTuan], [NgayTrongTuan], [Gvhd1], [Gvhd2], [Gvhd3], [GhiChu], [Gv1CoMat], [Gv2CoMat], [Gv3CoMat], [GiangVien_MaGv]) VALUES (103, 36, N'A21.3', N'CTK34A', 7, 10, 34, 1, N'CT07', NULL, NULL, NULL, 1, 1, 1, NULL)
INSERT [dbo].[LichThucHanh] ([MaLichTh], [MonHocId], [TenPhong], [TenLop], [TietBatDau], [TietKetThuc], [SttTuan], [NgayTrongTuan], [Gvhd1], [Gvhd2], [Gvhd3], [GhiChu], [Gv1CoMat], [Gv2CoMat], [Gv3CoMat], [GiangVien_MaGv]) VALUES (104, 34, N'A21.3', N'CTK34A', 7, 10, 34, 2, N'CT02', NULL, NULL, NULL, 1, 1, 1, NULL)
INSERT [dbo].[LichThucHanh] ([MaLichTh], [MonHocId], [TenPhong], [TenLop], [TietBatDau], [TietKetThuc], [SttTuan], [NgayTrongTuan], [Gvhd1], [Gvhd2], [Gvhd3], [GhiChu], [Gv1CoMat], [Gv2CoMat], [Gv3CoMat], [GiangVien_MaGv]) VALUES (105, 26, N'A21.3', N'CTK35', 7, 10, 34, 0, N'CT28', NULL, NULL, NULL, 1, 1, 1, NULL)
INSERT [dbo].[LichThucHanh] ([MaLichTh], [MonHocId], [TenPhong], [TenLop], [TietBatDau], [TietKetThuc], [SttTuan], [NgayTrongTuan], [Gvhd1], [Gvhd2], [Gvhd3], [GhiChu], [Gv1CoMat], [Gv2CoMat], [Gv3CoMat], [GiangVien_MaGv]) VALUES (106, 26, N'A21.3', N'CTK35', 1, 4, 34, 2, N'CT28', NULL, NULL, NULL, 1, 1, 1, NULL)
INSERT [dbo].[LichThucHanh] ([MaLichTh], [MonHocId], [TenPhong], [TenLop], [TietBatDau], [TietKetThuc], [SttTuan], [NgayTrongTuan], [Gvhd1], [Gvhd2], [Gvhd3], [GhiChu], [Gv1CoMat], [Gv2CoMat], [Gv3CoMat], [GiangVien_MaGv]) VALUES (107, 2, N'A6.MT', N'CTK37', 11, 13, 34, 2, N'TN16', NULL, NULL, NULL, 1, 1, 1, NULL)
INSERT [dbo].[LichThucHanh] ([MaLichTh], [MonHocId], [TenPhong], [TenLop], [TietBatDau], [TietKetThuc], [SttTuan], [NgayTrongTuan], [Gvhd1], [Gvhd2], [Gvhd3], [GhiChu], [Gv1CoMat], [Gv2CoMat], [Gv3CoMat], [GiangVien_MaGv]) VALUES (108, 2, N'A6.MT', N'CTK37', 11, 13, 34, 3, N'TN16', NULL, NULL, NULL, 1, 1, 1, NULL)
INSERT [dbo].[LichThucHanh] ([MaLichTh], [MonHocId], [TenPhong], [TenLop], [TietBatDau], [TietKetThuc], [SttTuan], [NgayTrongTuan], [Gvhd1], [Gvhd2], [Gvhd3], [GhiChu], [Gv1CoMat], [Gv2CoMat], [Gv3CoMat], [GiangVien_MaGv]) VALUES (109, 18, N'A6.MT', N'CTK36', 1, 4, 34, 1, N'CT13', NULL, NULL, NULL, 1, 1, 1, NULL)
INSERT [dbo].[LichThucHanh] ([MaLichTh], [MonHocId], [TenPhong], [TenLop], [TietBatDau], [TietKetThuc], [SttTuan], [NgayTrongTuan], [Gvhd1], [Gvhd2], [Gvhd3], [GhiChu], [Gv1CoMat], [Gv2CoMat], [Gv3CoMat], [GiangVien_MaGv]) VALUES (110, 12, N'A21.3', N'CTK36CD', 1, 4, 34, 4, N'CT28', NULL, NULL, NULL, 1, 1, 1, NULL)
INSERT [dbo].[LichThucHanh] ([MaLichTh], [MonHocId], [TenPhong], [TenLop], [TietBatDau], [TietKetThuc], [SttTuan], [NgayTrongTuan], [Gvhd1], [Gvhd2], [Gvhd3], [GhiChu], [Gv1CoMat], [Gv2CoMat], [Gv3CoMat], [GiangVien_MaGv]) VALUES (111, 10, N'A21.3', N'CTK37CD', 1, 4, 34, 1, N'CT50', NULL, NULL, NULL, 1, 1, 1, NULL)
INSERT [dbo].[LichThucHanh] ([MaLichTh], [MonHocId], [TenPhong], [TenLop], [TietBatDau], [TietKetThuc], [SttTuan], [NgayTrongTuan], [Gvhd1], [Gvhd2], [Gvhd3], [GhiChu], [Gv1CoMat], [Gv2CoMat], [Gv3CoMat], [GiangVien_MaGv]) VALUES (112, 8, N'A6.MT', N'CTK37CD', 1, 4, 34, 2, N'CT13', NULL, NULL, NULL, 1, 1, 1, NULL)
INSERT [dbo].[LichThucHanh] ([MaLichTh], [MonHocId], [TenPhong], [TenLop], [TietBatDau], [TietKetThuc], [SttTuan], [NgayTrongTuan], [Gvhd1], [Gvhd2], [Gvhd3], [GhiChu], [Gv1CoMat], [Gv2CoMat], [Gv3CoMat], [GiangVien_MaGv]) VALUES (113, 7, N'A6.MT', N'CTK37CD', 7, 10, 34, 3, N'CT60', NULL, NULL, NULL, 1, 1, 1, NULL)
INSERT [dbo].[LichThucHanh] ([MaLichTh], [MonHocId], [TenPhong], [TenLop], [TietBatDau], [TietKetThuc], [SttTuan], [NgayTrongTuan], [Gvhd1], [Gvhd2], [Gvhd3], [GhiChu], [Gv1CoMat], [Gv2CoMat], [Gv3CoMat], [GiangVien_MaGv]) VALUES (114, 7, N'A6.MT', N'CTK37CD', 7, 10, 34, 4, N'CT60', NULL, NULL, NULL, 1, 1, 1, NULL)
INSERT [dbo].[LichThucHanh] ([MaLichTh], [MonHocId], [TenPhong], [TenLop], [TietBatDau], [TietKetThuc], [SttTuan], [NgayTrongTuan], [Gvhd1], [Gvhd2], [Gvhd3], [GhiChu], [Gv1CoMat], [Gv2CoMat], [Gv3CoMat], [GiangVien_MaGv]) VALUES (115, 20, N'A21.3', N'CTK35', 7, 10, 36, 0, N'CT46', NULL, NULL, NULL, 1, 1, 1, NULL)
INSERT [dbo].[LichThucHanh] ([MaLichTh], [MonHocId], [TenPhong], [TenLop], [TietBatDau], [TietKetThuc], [SttTuan], [NgayTrongTuan], [Gvhd1], [Gvhd2], [Gvhd3], [GhiChu], [Gv1CoMat], [Gv2CoMat], [Gv3CoMat], [GiangVien_MaGv]) VALUES (116, 25, N'A21.1', N'CTK35', 7, 10, 36, 3, N'CT46', NULL, NULL, NULL, 1, 1, 1, NULL)
INSERT [dbo].[LichThucHanh] ([MaLichTh], [MonHocId], [TenPhong], [TenLop], [TietBatDau], [TietKetThuc], [SttTuan], [NgayTrongTuan], [Gvhd1], [Gvhd2], [Gvhd3], [GhiChu], [Gv1CoMat], [Gv2CoMat], [Gv3CoMat], [GiangVien_MaGv]) VALUES (117, 21, N'A6.MT', N'CTK35', 1, 4, 36, 4, N'TN22', NULL, NULL, NULL, 1, 1, 1, NULL)
INSERT [dbo].[LichThucHanh] ([MaLichTh], [MonHocId], [TenPhong], [TenLop], [TietBatDau], [TietKetThuc], [SttTuan], [NgayTrongTuan], [Gvhd1], [Gvhd2], [Gvhd3], [GhiChu], [Gv1CoMat], [Gv2CoMat], [Gv3CoMat], [GiangVien_MaGv]) VALUES (118, 20, N'A21.3', N'CTK35', 1, 4, 36, 5, N'CT46', NULL, NULL, NULL, 1, 1, 1, NULL)
INSERT [dbo].[LichThucHanh] ([MaLichTh], [MonHocId], [TenPhong], [TenLop], [TietBatDau], [TietKetThuc], [SttTuan], [NgayTrongTuan], [Gvhd1], [Gvhd2], [Gvhd3], [GhiChu], [Gv1CoMat], [Gv2CoMat], [Gv3CoMat], [GiangVien_MaGv]) VALUES (119, 11, N'A21.3', N'CTK36CD', 1, 4, 36, 1, N'CT59', NULL, NULL, NULL, 1, 1, 1, NULL)
INSERT [dbo].[LichThucHanh] ([MaLichTh], [MonHocId], [TenPhong], [TenLop], [TietBatDau], [TietKetThuc], [SttTuan], [NgayTrongTuan], [Gvhd1], [Gvhd2], [Gvhd3], [GhiChu], [Gv1CoMat], [Gv2CoMat], [Gv3CoMat], [GiangVien_MaGv]) VALUES (120, 11, N'A21.3', N'CTK36CD', 1, 4, 36, 4, N'CT59', NULL, NULL, NULL, 1, 1, 1, NULL)
INSERT [dbo].[LichThucHanh] ([MaLichTh], [MonHocId], [TenPhong], [TenLop], [TietBatDau], [TietKetThuc], [SttTuan], [NgayTrongTuan], [Gvhd1], [Gvhd2], [Gvhd3], [GhiChu], [Gv1CoMat], [Gv2CoMat], [Gv3CoMat], [GiangVien_MaGv]) VALUES (121, 18, N'A6.MT', N'CTK36', 1, 4, 36, 1, N'CT13', NULL, NULL, NULL, 1, 1, 1, NULL)
INSERT [dbo].[LichThucHanh] ([MaLichTh], [MonHocId], [TenPhong], [TenLop], [TietBatDau], [TietKetThuc], [SttTuan], [NgayTrongTuan], [Gvhd1], [Gvhd2], [Gvhd3], [GhiChu], [Gv1CoMat], [Gv2CoMat], [Gv3CoMat], [GiangVien_MaGv]) VALUES (122, 18, N'A6.MT', N'CTK36', 1, 4, 36, 3, N'CT13', NULL, NULL, NULL, 1, 1, 1, NULL)
INSERT [dbo].[LichThucHanh] ([MaLichTh], [MonHocId], [TenPhong], [TenLop], [TietBatDau], [TietKetThuc], [SttTuan], [NgayTrongTuan], [Gvhd1], [Gvhd2], [Gvhd3], [GhiChu], [Gv1CoMat], [Gv2CoMat], [Gv3CoMat], [GiangVien_MaGv]) VALUES (123, 36, N'A21.3', N'CTK34A', 7, 10, 36, 1, N'CT07', NULL, NULL, NULL, 1, 1, 1, NULL)
INSERT [dbo].[LichThucHanh] ([MaLichTh], [MonHocId], [TenPhong], [TenLop], [TietBatDau], [TietKetThuc], [SttTuan], [NgayTrongTuan], [Gvhd1], [Gvhd2], [Gvhd3], [GhiChu], [Gv1CoMat], [Gv2CoMat], [Gv3CoMat], [GiangVien_MaGv]) VALUES (124, 34, N'A21.3', N'CTK34A', 7, 10, 36, 2, N'CT02', NULL, NULL, NULL, 1, 1, 1, NULL)
INSERT [dbo].[LichThucHanh] ([MaLichTh], [MonHocId], [TenPhong], [TenLop], [TietBatDau], [TietKetThuc], [SttTuan], [NgayTrongTuan], [Gvhd1], [Gvhd2], [Gvhd3], [GhiChu], [Gv1CoMat], [Gv2CoMat], [Gv3CoMat], [GiangVien_MaGv]) VALUES (125, 34, N'A21.3', N'CTK34A', 7, 10, 36, 3, N'CT02', NULL, NULL, NULL, 1, 1, 1, NULL)
INSERT [dbo].[LichThucHanh] ([MaLichTh], [MonHocId], [TenPhong], [TenLop], [TietBatDau], [TietKetThuc], [SttTuan], [NgayTrongTuan], [Gvhd1], [Gvhd2], [Gvhd3], [GhiChu], [Gv1CoMat], [Gv2CoMat], [Gv3CoMat], [GiangVien_MaGv]) VALUES (126, 33, N'A21.3', N'CTK34A', 7, 10, 36, 5, N'CT65', NULL, NULL, NULL, 1, 1, 1, NULL)
INSERT [dbo].[LichThucHanh] ([MaLichTh], [MonHocId], [TenPhong], [TenLop], [TietBatDau], [TietKetThuc], [SttTuan], [NgayTrongTuan], [Gvhd1], [Gvhd2], [Gvhd3], [GhiChu], [Gv1CoMat], [Gv2CoMat], [Gv3CoMat], [GiangVien_MaGv]) VALUES (127, 3, N'A6.MT', N'CTK37', 7, 10, 36, 3, N'CT65', NULL, NULL, NULL, 1, 1, 1, NULL)
GO
print 'Processed 100 total records'
INSERT [dbo].[LichThucHanh] ([MaLichTh], [MonHocId], [TenPhong], [TenLop], [TietBatDau], [TietKetThuc], [SttTuan], [NgayTrongTuan], [Gvhd1], [Gvhd2], [Gvhd3], [GhiChu], [Gv1CoMat], [Gv2CoMat], [Gv3CoMat], [GiangVien_MaGv]) VALUES (128, 8, N'A6.MT', N'CTK37CD', 1, 4, 36, 2, N'CT13', NULL, NULL, NULL, 1, 1, 1, NULL)
INSERT [dbo].[LichThucHanh] ([MaLichTh], [MonHocId], [TenPhong], [TenLop], [TietBatDau], [TietKetThuc], [SttTuan], [NgayTrongTuan], [Gvhd1], [Gvhd2], [Gvhd3], [GhiChu], [Gv1CoMat], [Gv2CoMat], [Gv3CoMat], [GiangVien_MaGv]) VALUES (129, 2, N'A6.MT', N'CTK37', 11, 13, 36, 0, N'TN16', NULL, NULL, NULL, 1, 1, 1, NULL)
INSERT [dbo].[LichThucHanh] ([MaLichTh], [MonHocId], [TenPhong], [TenLop], [TietBatDau], [TietKetThuc], [SttTuan], [NgayTrongTuan], [Gvhd1], [Gvhd2], [Gvhd3], [GhiChu], [Gv1CoMat], [Gv2CoMat], [Gv3CoMat], [GiangVien_MaGv]) VALUES (130, 2, N'A6.MT', N'CTK37', 11, 13, 36, 2, N'TN16', NULL, NULL, NULL, 1, 1, 1, NULL)
INSERT [dbo].[LichThucHanh] ([MaLichTh], [MonHocId], [TenPhong], [TenLop], [TietBatDau], [TietKetThuc], [SttTuan], [NgayTrongTuan], [Gvhd1], [Gvhd2], [Gvhd3], [GhiChu], [Gv1CoMat], [Gv2CoMat], [Gv3CoMat], [GiangVien_MaGv]) VALUES (131, 10, N'A6.MT', N'CTK37CD', 7, 10, 36, 5, N'CT50', NULL, NULL, NULL, 1, 1, 1, NULL)
INSERT [dbo].[LichThucHanh] ([MaLichTh], [MonHocId], [TenPhong], [TenLop], [TietBatDau], [TietKetThuc], [SttTuan], [NgayTrongTuan], [Gvhd1], [Gvhd2], [Gvhd3], [GhiChu], [Gv1CoMat], [Gv2CoMat], [Gv3CoMat], [GiangVien_MaGv]) VALUES (132, 7, N'A6.MT', N'CTK37CD', 7, 10, 36, 2, N'CT60', NULL, NULL, NULL, 1, 1, 1, NULL)
INSERT [dbo].[LichThucHanh] ([MaLichTh], [MonHocId], [TenPhong], [TenLop], [TietBatDau], [TietKetThuc], [SttTuan], [NgayTrongTuan], [Gvhd1], [Gvhd2], [Gvhd3], [GhiChu], [Gv1CoMat], [Gv2CoMat], [Gv3CoMat], [GiangVien_MaGv]) VALUES (133, 36, N'A6.2', N'CTK34A', 7, 10, 37, 0, N'CT07', NULL, NULL, NULL, 1, 1, 1, NULL)
INSERT [dbo].[LichThucHanh] ([MaLichTh], [MonHocId], [TenPhong], [TenLop], [TietBatDau], [TietKetThuc], [SttTuan], [NgayTrongTuan], [Gvhd1], [Gvhd2], [Gvhd3], [GhiChu], [Gv1CoMat], [Gv2CoMat], [Gv3CoMat], [GiangVien_MaGv]) VALUES (134, 36, N'A21.3', N'CTK34A', 7, 10, 37, 1, N'CT07', NULL, NULL, NULL, 1, 1, 1, NULL)
INSERT [dbo].[LichThucHanh] ([MaLichTh], [MonHocId], [TenPhong], [TenLop], [TietBatDau], [TietKetThuc], [SttTuan], [NgayTrongTuan], [Gvhd1], [Gvhd2], [Gvhd3], [GhiChu], [Gv1CoMat], [Gv2CoMat], [Gv3CoMat], [GiangVien_MaGv]) VALUES (135, 34, N'A21.3', N'CTK34A', 7, 8, 37, 3, N'CT02', NULL, NULL, NULL, 1, 1, 1, NULL)
INSERT [dbo].[LichThucHanh] ([MaLichTh], [MonHocId], [TenPhong], [TenLop], [TietBatDau], [TietKetThuc], [SttTuan], [NgayTrongTuan], [Gvhd1], [Gvhd2], [Gvhd3], [GhiChu], [Gv1CoMat], [Gv2CoMat], [Gv3CoMat], [GiangVien_MaGv]) VALUES (136, 33, N'A6.2', N'CTK34A', 1, 4, 37, 4, N'CT65', NULL, NULL, NULL, 1, 1, 1, NULL)
INSERT [dbo].[LichThucHanh] ([MaLichTh], [MonHocId], [TenPhong], [TenLop], [TietBatDau], [TietKetThuc], [SttTuan], [NgayTrongTuan], [Gvhd1], [Gvhd2], [Gvhd3], [GhiChu], [Gv1CoMat], [Gv2CoMat], [Gv3CoMat], [GiangVien_MaGv]) VALUES (137, 34, N'A21.3', N'CTK34A', 7, 10, 37, 4, N'CT02', NULL, NULL, NULL, 1, 1, 1, NULL)
INSERT [dbo].[LichThucHanh] ([MaLichTh], [MonHocId], [TenPhong], [TenLop], [TietBatDau], [TietKetThuc], [SttTuan], [NgayTrongTuan], [Gvhd1], [Gvhd2], [Gvhd3], [GhiChu], [Gv1CoMat], [Gv2CoMat], [Gv3CoMat], [GiangVien_MaGv]) VALUES (138, 33, N'A21.3', N'CTK34A', 7, 10, 37, 5, N'CT65', NULL, NULL, NULL, 1, 1, 1, NULL)
INSERT [dbo].[LichThucHanh] ([MaLichTh], [MonHocId], [TenPhong], [TenLop], [TietBatDau], [TietKetThuc], [SttTuan], [NgayTrongTuan], [Gvhd1], [Gvhd2], [Gvhd3], [GhiChu], [Gv1CoMat], [Gv2CoMat], [Gv3CoMat], [GiangVien_MaGv]) VALUES (139, 4, N'A21.3', N'CTK34B', 11, 13, 37, 3, N'TN15', NULL, NULL, NULL, 1, 1, 1, NULL)
INSERT [dbo].[LichThucHanh] ([MaLichTh], [MonHocId], [TenPhong], [TenLop], [TietBatDau], [TietKetThuc], [SttTuan], [NgayTrongTuan], [Gvhd1], [Gvhd2], [Gvhd3], [GhiChu], [Gv1CoMat], [Gv2CoMat], [Gv3CoMat], [GiangVien_MaGv]) VALUES (140, 40, N'A21.3', N'CTK34B', 11, 13, 37, 5, N'CT13', NULL, NULL, NULL, 1, 1, 1, NULL)
INSERT [dbo].[LichThucHanh] ([MaLichTh], [MonHocId], [TenPhong], [TenLop], [TietBatDau], [TietKetThuc], [SttTuan], [NgayTrongTuan], [Gvhd1], [Gvhd2], [Gvhd3], [GhiChu], [Gv1CoMat], [Gv2CoMat], [Gv3CoMat], [GiangVien_MaGv]) VALUES (141, 26, N'A21.3', N'CTK35', 1, 6, 37, 0, N'CT28', NULL, NULL, NULL, 1, 1, 1, NULL)
INSERT [dbo].[LichThucHanh] ([MaLichTh], [MonHocId], [TenPhong], [TenLop], [TietBatDau], [TietKetThuc], [SttTuan], [NgayTrongTuan], [Gvhd1], [Gvhd2], [Gvhd3], [GhiChu], [Gv1CoMat], [Gv2CoMat], [Gv3CoMat], [GiangVien_MaGv]) VALUES (142, 20, N'A21.3', N'CTK35', 7, 10, 37, 0, N'CT46', NULL, NULL, NULL, 1, 1, 1, NULL)
INSERT [dbo].[LichThucHanh] ([MaLichTh], [MonHocId], [TenPhong], [TenLop], [TietBatDau], [TietKetThuc], [SttTuan], [NgayTrongTuan], [Gvhd1], [Gvhd2], [Gvhd3], [GhiChu], [Gv1CoMat], [Gv2CoMat], [Gv3CoMat], [GiangVien_MaGv]) VALUES (143, 21, N'A6.MT', N'CTK35', 11, 14, 37, 0, N'TN22', NULL, NULL, NULL, 1, 1, 1, NULL)
INSERT [dbo].[LichThucHanh] ([MaLichTh], [MonHocId], [TenPhong], [TenLop], [TietBatDau], [TietKetThuc], [SttTuan], [NgayTrongTuan], [Gvhd1], [Gvhd2], [Gvhd3], [GhiChu], [Gv1CoMat], [Gv2CoMat], [Gv3CoMat], [GiangVien_MaGv]) VALUES (144, 25, N'A21.1', N'CTK35', 7, 10, 37, 1, N'CT46', NULL, NULL, NULL, 1, 1, 1, NULL)
INSERT [dbo].[LichThucHanh] ([MaLichTh], [MonHocId], [TenPhong], [TenLop], [TietBatDau], [TietKetThuc], [SttTuan], [NgayTrongTuan], [Gvhd1], [Gvhd2], [Gvhd3], [GhiChu], [Gv1CoMat], [Gv2CoMat], [Gv3CoMat], [GiangVien_MaGv]) VALUES (145, 25, N'A21.1', N'CTK35', 7, 10, 37, 4, N'CT46', NULL, NULL, NULL, 1, 1, 1, NULL)
INSERT [dbo].[LichThucHanh] ([MaLichTh], [MonHocId], [TenPhong], [TenLop], [TietBatDau], [TietKetThuc], [SttTuan], [NgayTrongTuan], [Gvhd1], [Gvhd2], [Gvhd3], [GhiChu], [Gv1CoMat], [Gv2CoMat], [Gv3CoMat], [GiangVien_MaGv]) VALUES (146, 21, N'A6.MT', N'CTK35', 11, 14, 37, 5, N'TN22', NULL, NULL, NULL, 1, 1, 1, NULL)
INSERT [dbo].[LichThucHanh] ([MaLichTh], [MonHocId], [TenPhong], [TenLop], [TietBatDau], [TietKetThuc], [SttTuan], [NgayTrongTuan], [Gvhd1], [Gvhd2], [Gvhd3], [GhiChu], [Gv1CoMat], [Gv2CoMat], [Gv3CoMat], [GiangVien_MaGv]) VALUES (147, 2, N'A6.MT', N'CTK37', 11, 13, 37, 4, N'TN16', NULL, NULL, NULL, 1, 1, 1, NULL)
INSERT [dbo].[LichThucHanh] ([MaLichTh], [MonHocId], [TenPhong], [TenLop], [TietBatDau], [TietKetThuc], [SttTuan], [NgayTrongTuan], [Gvhd1], [Gvhd2], [Gvhd3], [GhiChu], [Gv1CoMat], [Gv2CoMat], [Gv3CoMat], [GiangVien_MaGv]) VALUES (148, 18, N'A6.MT', N'CTK36', 1, 4, 37, 1, N'CT13', NULL, NULL, NULL, 1, 1, 1, NULL)
INSERT [dbo].[LichThucHanh] ([MaLichTh], [MonHocId], [TenPhong], [TenLop], [TietBatDau], [TietKetThuc], [SttTuan], [NgayTrongTuan], [Gvhd1], [Gvhd2], [Gvhd3], [GhiChu], [Gv1CoMat], [Gv2CoMat], [Gv3CoMat], [GiangVien_MaGv]) VALUES (149, 18, N'A6.MT', N'CTK36', 1, 4, 37, 3, N'CT13', NULL, NULL, NULL, 1, 1, 1, NULL)
INSERT [dbo].[LichThucHanh] ([MaLichTh], [MonHocId], [TenPhong], [TenLop], [TietBatDau], [TietKetThuc], [SttTuan], [NgayTrongTuan], [Gvhd1], [Gvhd2], [Gvhd3], [GhiChu], [Gv1CoMat], [Gv2CoMat], [Gv3CoMat], [GiangVien_MaGv]) VALUES (150, 7, N'A6.MT', N'CTK37CD', 1, 4, 37, 4, N'CT60', NULL, NULL, NULL, 1, 1, 1, NULL)
INSERT [dbo].[LichThucHanh] ([MaLichTh], [MonHocId], [TenPhong], [TenLop], [TietBatDau], [TietKetThuc], [SttTuan], [NgayTrongTuan], [Gvhd1], [Gvhd2], [Gvhd3], [GhiChu], [Gv1CoMat], [Gv2CoMat], [Gv3CoMat], [GiangVien_MaGv]) VALUES (151, 8, N'A6.MT', N'CTK37CD', 7, 10, 37, 4, N'CT13', NULL, NULL, NULL, 1, 1, 1, NULL)
INSERT [dbo].[LichThucHanh] ([MaLichTh], [MonHocId], [TenPhong], [TenLop], [TietBatDau], [TietKetThuc], [SttTuan], [NgayTrongTuan], [Gvhd1], [Gvhd2], [Gvhd3], [GhiChu], [Gv1CoMat], [Gv2CoMat], [Gv3CoMat], [GiangVien_MaGv]) VALUES (152, 12, N'A6.MT', N'CTK36CD', 7, 10, 37, 0, N'CT28', NULL, NULL, NULL, 1, 1, 1, NULL)
INSERT [dbo].[LichThucHanh] ([MaLichTh], [MonHocId], [TenPhong], [TenLop], [TietBatDau], [TietKetThuc], [SttTuan], [NgayTrongTuan], [Gvhd1], [Gvhd2], [Gvhd3], [GhiChu], [Gv1CoMat], [Gv2CoMat], [Gv3CoMat], [GiangVien_MaGv]) VALUES (153, 16, N'A6.MT', N'CTK36CD', 11, 14, 37, 3, N'CT07', NULL, NULL, NULL, 1, 1, 1, NULL)
INSERT [dbo].[LichThucHanh] ([MaLichTh], [MonHocId], [TenPhong], [TenLop], [TietBatDau], [TietKetThuc], [SttTuan], [NgayTrongTuan], [Gvhd1], [Gvhd2], [Gvhd3], [GhiChu], [Gv1CoMat], [Gv2CoMat], [Gv3CoMat], [GiangVien_MaGv]) VALUES (154, 11, N'A21.3', N'CTK36CD', 1, 4, 37, 4, N'CT59', NULL, NULL, NULL, 1, 1, 1, NULL)
INSERT [dbo].[LichThucHanh] ([MaLichTh], [MonHocId], [TenPhong], [TenLop], [TietBatDau], [TietKetThuc], [SttTuan], [NgayTrongTuan], [Gvhd1], [Gvhd2], [Gvhd3], [GhiChu], [Gv1CoMat], [Gv2CoMat], [Gv3CoMat], [GiangVien_MaGv]) VALUES (155, 32, N'A21.3', N'CTK34B', 1, 4, 38, 4, N'CT46', NULL, NULL, NULL, 1, 1, 1, NULL)
INSERT [dbo].[LichThucHanh] ([MaLichTh], [MonHocId], [TenPhong], [TenLop], [TietBatDau], [TietKetThuc], [SttTuan], [NgayTrongTuan], [Gvhd1], [Gvhd2], [Gvhd3], [GhiChu], [Gv1CoMat], [Gv2CoMat], [Gv3CoMat], [GiangVien_MaGv]) VALUES (156, 32, N'A21.1', N'CTK34B', 1, 4, 38, 5, N'CT46', NULL, NULL, NULL, 1, 1, 1, NULL)
INSERT [dbo].[LichThucHanh] ([MaLichTh], [MonHocId], [TenPhong], [TenLop], [TietBatDau], [TietKetThuc], [SttTuan], [NgayTrongTuan], [Gvhd1], [Gvhd2], [Gvhd3], [GhiChu], [Gv1CoMat], [Gv2CoMat], [Gv3CoMat], [GiangVien_MaGv]) VALUES (157, 39, N'A21.3', N'CTK34A', 1, 5, 38, 1, N'CT65', NULL, NULL, NULL, 1, 1, 1, NULL)
INSERT [dbo].[LichThucHanh] ([MaLichTh], [MonHocId], [TenPhong], [TenLop], [TietBatDau], [TietKetThuc], [SttTuan], [NgayTrongTuan], [Gvhd1], [Gvhd2], [Gvhd3], [GhiChu], [Gv1CoMat], [Gv2CoMat], [Gv3CoMat], [GiangVien_MaGv]) VALUES (158, 31, N'A6.MT', N'CTK37', 1, 4, 38, 0, N'CT60', NULL, NULL, NULL, 1, 1, 1, NULL)
INSERT [dbo].[LichThucHanh] ([MaLichTh], [MonHocId], [TenPhong], [TenLop], [TietBatDau], [TietKetThuc], [SttTuan], [NgayTrongTuan], [Gvhd1], [Gvhd2], [Gvhd3], [GhiChu], [Gv1CoMat], [Gv2CoMat], [Gv3CoMat], [GiangVien_MaGv]) VALUES (159, 1, N'A6.MT', N'CTK37', 7, 10, 38, 1, N'TN15', NULL, NULL, NULL, 1, 1, 1, NULL)
INSERT [dbo].[LichThucHanh] ([MaLichTh], [MonHocId], [TenPhong], [TenLop], [TietBatDau], [TietKetThuc], [SttTuan], [NgayTrongTuan], [Gvhd1], [Gvhd2], [Gvhd3], [GhiChu], [Gv1CoMat], [Gv2CoMat], [Gv3CoMat], [GiangVien_MaGv]) VALUES (160, 1, N'A6.MT', N'CTK37', 1, 4, 38, 5, N'TN15', NULL, NULL, NULL, 1, 1, 1, NULL)
INSERT [dbo].[LichThucHanh] ([MaLichTh], [MonHocId], [TenPhong], [TenLop], [TietBatDau], [TietKetThuc], [SttTuan], [NgayTrongTuan], [Gvhd1], [Gvhd2], [Gvhd3], [GhiChu], [Gv1CoMat], [Gv2CoMat], [Gv3CoMat], [GiangVien_MaGv]) VALUES (161, 32, N'A21.3', N'CTK34B', 1, 4, 38, 4, N'CT46', NULL, NULL, NULL, 1, 1, 1, NULL)
INSERT [dbo].[LichThucHanh] ([MaLichTh], [MonHocId], [TenPhong], [TenLop], [TietBatDau], [TietKetThuc], [SttTuan], [NgayTrongTuan], [Gvhd1], [Gvhd2], [Gvhd3], [GhiChu], [Gv1CoMat], [Gv2CoMat], [Gv3CoMat], [GiangVien_MaGv]) VALUES (162, 32, N'A21.1', N'CTK34B', 1, 4, 38, 5, N'CT46', NULL, NULL, NULL, 1, 1, 1, NULL)
INSERT [dbo].[LichThucHanh] ([MaLichTh], [MonHocId], [TenPhong], [TenLop], [TietBatDau], [TietKetThuc], [SttTuan], [NgayTrongTuan], [Gvhd1], [Gvhd2], [Gvhd3], [GhiChu], [Gv1CoMat], [Gv2CoMat], [Gv3CoMat], [GiangVien_MaGv]) VALUES (163, 31, N'A6.MT', N'CTK37', 1, 4, 38, 0, N'CT60', NULL, NULL, NULL, 1, 1, 1, NULL)
INSERT [dbo].[LichThucHanh] ([MaLichTh], [MonHocId], [TenPhong], [TenLop], [TietBatDau], [TietKetThuc], [SttTuan], [NgayTrongTuan], [Gvhd1], [Gvhd2], [Gvhd3], [GhiChu], [Gv1CoMat], [Gv2CoMat], [Gv3CoMat], [GiangVien_MaGv]) VALUES (164, 1, N'A6.MT', N'CTK37', 7, 10, 38, 1, N'TN15', NULL, NULL, NULL, 1, 1, 1, NULL)
INSERT [dbo].[LichThucHanh] ([MaLichTh], [MonHocId], [TenPhong], [TenLop], [TietBatDau], [TietKetThuc], [SttTuan], [NgayTrongTuan], [Gvhd1], [Gvhd2], [Gvhd3], [GhiChu], [Gv1CoMat], [Gv2CoMat], [Gv3CoMat], [GiangVien_MaGv]) VALUES (165, 1, N'A6.MT', N'CTK37', 1, 4, 38, 5, N'TN15', NULL, NULL, NULL, 1, 1, 1, NULL)
INSERT [dbo].[LichThucHanh] ([MaLichTh], [MonHocId], [TenPhong], [TenLop], [TietBatDau], [TietKetThuc], [SttTuan], [NgayTrongTuan], [Gvhd1], [Gvhd2], [Gvhd3], [GhiChu], [Gv1CoMat], [Gv2CoMat], [Gv3CoMat], [GiangVien_MaGv]) VALUES (166, 39, N'A21.3', N'CTK34A', 1, 5, 38, 1, N'CT65', NULL, NULL, NULL, 1, 1, 1, NULL)
INSERT [dbo].[LichThucHanh] ([MaLichTh], [MonHocId], [TenPhong], [TenLop], [TietBatDau], [TietKetThuc], [SttTuan], [NgayTrongTuan], [Gvhd1], [Gvhd2], [Gvhd3], [GhiChu], [Gv1CoMat], [Gv2CoMat], [Gv3CoMat], [GiangVien_MaGv]) VALUES (167, 31, N'A6.MT', N'CTK37', 1, 4, 35, 0, N'CT60', NULL, NULL, NULL, 1, 1, 1, NULL)
INSERT [dbo].[LichThucHanh] ([MaLichTh], [MonHocId], [TenPhong], [TenLop], [TietBatDau], [TietKetThuc], [SttTuan], [NgayTrongTuan], [Gvhd1], [Gvhd2], [Gvhd3], [GhiChu], [Gv1CoMat], [Gv2CoMat], [Gv3CoMat], [GiangVien_MaGv]) VALUES (168, 1, N'A6.MT', N'CTK37', 7, 10, 35, 1, N'TN15', NULL, NULL, NULL, 1, 1, 1, NULL)
INSERT [dbo].[LichThucHanh] ([MaLichTh], [MonHocId], [TenPhong], [TenLop], [TietBatDau], [TietKetThuc], [SttTuan], [NgayTrongTuan], [Gvhd1], [Gvhd2], [Gvhd3], [GhiChu], [Gv1CoMat], [Gv2CoMat], [Gv3CoMat], [GiangVien_MaGv]) VALUES (169, 39, N'A21.1', N'CTK34A', 1, 4, 35, 1, N'CT65', NULL, NULL, NULL, 1, 1, 1, NULL)
INSERT [dbo].[LichThucHanh] ([MaLichTh], [MonHocId], [TenPhong], [TenLop], [TietBatDau], [TietKetThuc], [SttTuan], [NgayTrongTuan], [Gvhd1], [Gvhd2], [Gvhd3], [GhiChu], [Gv1CoMat], [Gv2CoMat], [Gv3CoMat], [GiangVien_MaGv]) VALUES (170, 14, N'A21.3', N'CTK36CD', 1, 4, 35, 0, N'CT02', NULL, NULL, NULL, 1, 1, 1, NULL)
INSERT [dbo].[LichThucHanh] ([MaLichTh], [MonHocId], [TenPhong], [TenLop], [TietBatDau], [TietKetThuc], [SttTuan], [NgayTrongTuan], [Gvhd1], [Gvhd2], [Gvhd3], [GhiChu], [Gv1CoMat], [Gv2CoMat], [Gv3CoMat], [GiangVien_MaGv]) VALUES (171, 14, N'A21.3', N'CTK36CD', 1, 4, 35, 3, N'CT02', NULL, NULL, NULL, 1, 1, 1, NULL)
INSERT [dbo].[LichThucHanh] ([MaLichTh], [MonHocId], [TenPhong], [TenLop], [TietBatDau], [TietKetThuc], [SttTuan], [NgayTrongTuan], [Gvhd1], [Gvhd2], [Gvhd3], [GhiChu], [Gv1CoMat], [Gv2CoMat], [Gv3CoMat], [GiangVien_MaGv]) VALUES (172, 29, N'A21.1', N'CTK35CD', 7, 10, 34, 1, N'TH01', NULL, NULL, NULL, 1, 1, 1, NULL)
INSERT [dbo].[LichThucHanh] ([MaLichTh], [MonHocId], [TenPhong], [TenLop], [TietBatDau], [TietKetThuc], [SttTuan], [NgayTrongTuan], [Gvhd1], [Gvhd2], [Gvhd3], [GhiChu], [Gv1CoMat], [Gv2CoMat], [Gv3CoMat], [GiangVien_MaGv]) VALUES (173, 29, N'A21.1', N'CTK35CD', 7, 10, 34, 2, N'TH01', NULL, NULL, NULL, 1, 1, 1, NULL)
INSERT [dbo].[LichThucHanh] ([MaLichTh], [MonHocId], [TenPhong], [TenLop], [TietBatDau], [TietKetThuc], [SttTuan], [NgayTrongTuan], [Gvhd1], [Gvhd2], [Gvhd3], [GhiChu], [Gv1CoMat], [Gv2CoMat], [Gv3CoMat], [GiangVien_MaGv]) VALUES (174, 29, N'A21.1', N'CTK35CD', 7, 10, 34, 3, N'TH01', NULL, NULL, NULL, 1, 1, 1, NULL)
INSERT [dbo].[LichThucHanh] ([MaLichTh], [MonHocId], [TenPhong], [TenLop], [TietBatDau], [TietKetThuc], [SttTuan], [NgayTrongTuan], [Gvhd1], [Gvhd2], [Gvhd3], [GhiChu], [Gv1CoMat], [Gv2CoMat], [Gv3CoMat], [GiangVien_MaGv]) VALUES (175, 29, N'A21.1', N'CTK35CD', 7, 10, 34, 4, N'TH01', NULL, NULL, NULL, 1, 1, 1, NULL)
INSERT [dbo].[LichThucHanh] ([MaLichTh], [MonHocId], [TenPhong], [TenLop], [TietBatDau], [TietKetThuc], [SttTuan], [NgayTrongTuan], [Gvhd1], [Gvhd2], [Gvhd3], [GhiChu], [Gv1CoMat], [Gv2CoMat], [Gv3CoMat], [GiangVien_MaGv]) VALUES (176, 29, N'A21.1', N'CTK35CD', 7, 10, 34, 5, N'TH01', NULL, NULL, NULL, 1, 1, 1, NULL)
INSERT [dbo].[LichThucHanh] ([MaLichTh], [MonHocId], [TenPhong], [TenLop], [TietBatDau], [TietKetThuc], [SttTuan], [NgayTrongTuan], [Gvhd1], [Gvhd2], [Gvhd3], [GhiChu], [Gv1CoMat], [Gv2CoMat], [Gv3CoMat], [GiangVien_MaGv]) VALUES (177, 31, N'A6.MT', N'CTK37', 1, 4, 34, 0, N'CT60', NULL, NULL, NULL, 1, 1, 1, NULL)
INSERT [dbo].[LichThucHanh] ([MaLichTh], [MonHocId], [TenPhong], [TenLop], [TietBatDau], [TietKetThuc], [SttTuan], [NgayTrongTuan], [Gvhd1], [Gvhd2], [Gvhd3], [GhiChu], [Gv1CoMat], [Gv2CoMat], [Gv3CoMat], [GiangVien_MaGv]) VALUES (178, 1, N'A6.MT', N'CTK37', 7, 10, 34, 1, N'TN15', NULL, NULL, NULL, 1, 1, 1, NULL)
INSERT [dbo].[LichThucHanh] ([MaLichTh], [MonHocId], [TenPhong], [TenLop], [TietBatDau], [TietKetThuc], [SttTuan], [NgayTrongTuan], [Gvhd1], [Gvhd2], [Gvhd3], [GhiChu], [Gv1CoMat], [Gv2CoMat], [Gv3CoMat], [GiangVien_MaGv]) VALUES (179, 1, N'A6.MT', N'CTK37', 1, 4, 34, 5, N'TN15', NULL, NULL, NULL, 1, 1, 1, NULL)
INSERT [dbo].[LichThucHanh] ([MaLichTh], [MonHocId], [TenPhong], [TenLop], [TietBatDau], [TietKetThuc], [SttTuan], [NgayTrongTuan], [Gvhd1], [Gvhd2], [Gvhd3], [GhiChu], [Gv1CoMat], [Gv2CoMat], [Gv3CoMat], [GiangVien_MaGv]) VALUES (180, 14, N'A21.3', N'CTK36CD', 1, 4, 34, 0, N'CT02', NULL, NULL, NULL, 1, 1, 1, NULL)
INSERT [dbo].[LichThucHanh] ([MaLichTh], [MonHocId], [TenPhong], [TenLop], [TietBatDau], [TietKetThuc], [SttTuan], [NgayTrongTuan], [Gvhd1], [Gvhd2], [Gvhd3], [GhiChu], [Gv1CoMat], [Gv2CoMat], [Gv3CoMat], [GiangVien_MaGv]) VALUES (181, 14, N'A21.3', N'CTK36CD', 1, 4, 34, 3, N'CT02', NULL, NULL, NULL, 1, 1, 1, NULL)
INSERT [dbo].[LichThucHanh] ([MaLichTh], [MonHocId], [TenPhong], [TenLop], [TietBatDau], [TietKetThuc], [SttTuan], [NgayTrongTuan], [Gvhd1], [Gvhd2], [Gvhd3], [GhiChu], [Gv1CoMat], [Gv2CoMat], [Gv3CoMat], [GiangVien_MaGv]) VALUES (182, 14, N'A21.3', N'CTK36CD', 11, 13, 36, 3, N'CT02', NULL, NULL, NULL, 1, 1, 1, NULL)
INSERT [dbo].[LichThucHanh] ([MaLichTh], [MonHocId], [TenPhong], [TenLop], [TietBatDau], [TietKetThuc], [SttTuan], [NgayTrongTuan], [Gvhd1], [Gvhd2], [Gvhd3], [GhiChu], [Gv1CoMat], [Gv2CoMat], [Gv3CoMat], [GiangVien_MaGv]) VALUES (183, 14, N'A6.MT', N'CTK36CD', 11, 13, 36, 4, N'CT02', NULL, NULL, NULL, 1, 1, 1, NULL)
INSERT [dbo].[LichThucHanh] ([MaLichTh], [MonHocId], [TenPhong], [TenLop], [TietBatDau], [TietKetThuc], [SttTuan], [NgayTrongTuan], [Gvhd1], [Gvhd2], [Gvhd3], [GhiChu], [Gv1CoMat], [Gv2CoMat], [Gv3CoMat], [GiangVien_MaGv]) VALUES (184, 39, N'A21.1', N'CTK34A', 1, 4, 36, 1, N'CT65', NULL, NULL, NULL, 1, 1, 1, NULL)
INSERT [dbo].[LichThucHanh] ([MaLichTh], [MonHocId], [TenPhong], [TenLop], [TietBatDau], [TietKetThuc], [SttTuan], [NgayTrongTuan], [Gvhd1], [Gvhd2], [Gvhd3], [GhiChu], [Gv1CoMat], [Gv2CoMat], [Gv3CoMat], [GiangVien_MaGv]) VALUES (185, 39, N'A21.3', N'CTK34A', 1, 4, 36, 3, N'CT65', NULL, NULL, NULL, 1, 1, 1, NULL)
INSERT [dbo].[LichThucHanh] ([MaLichTh], [MonHocId], [TenPhong], [TenLop], [TietBatDau], [TietKetThuc], [SttTuan], [NgayTrongTuan], [Gvhd1], [Gvhd2], [Gvhd3], [GhiChu], [Gv1CoMat], [Gv2CoMat], [Gv3CoMat], [GiangVien_MaGv]) VALUES (186, 32, N'A6.MT', N'CTK34B', 11, 13, 36, 1, N'CT46', NULL, NULL, NULL, 1, 1, 1, NULL)
INSERT [dbo].[LichThucHanh] ([MaLichTh], [MonHocId], [TenPhong], [TenLop], [TietBatDau], [TietKetThuc], [SttTuan], [NgayTrongTuan], [Gvhd1], [Gvhd2], [Gvhd3], [GhiChu], [Gv1CoMat], [Gv2CoMat], [Gv3CoMat], [GiangVien_MaGv]) VALUES (187, 1, N'A6.MT', N'CTK37', 7, 10, 36, 1, N'TN15', NULL, NULL, NULL, 1, 1, 1, NULL)
INSERT [dbo].[LichThucHanh] ([MaLichTh], [MonHocId], [TenPhong], [TenLop], [TietBatDau], [TietKetThuc], [SttTuan], [NgayTrongTuan], [Gvhd1], [Gvhd2], [Gvhd3], [GhiChu], [Gv1CoMat], [Gv2CoMat], [Gv3CoMat], [GiangVien_MaGv]) VALUES (188, 1, N'A6.MT', N'CTK37', 1, 4, 36, 5, N'TN15', NULL, NULL, NULL, 1, 1, 1, NULL)
INSERT [dbo].[LichThucHanh] ([MaLichTh], [MonHocId], [TenPhong], [TenLop], [TietBatDau], [TietKetThuc], [SttTuan], [NgayTrongTuan], [Gvhd1], [Gvhd2], [Gvhd3], [GhiChu], [Gv1CoMat], [Gv2CoMat], [Gv3CoMat], [GiangVien_MaGv]) VALUES (189, 31, N'A6.MT', N'CTK37', 1, 4, 36, 0, N'CT60', NULL, NULL, NULL, 1, 1, 1, NULL)
INSERT [dbo].[LichThucHanh] ([MaLichTh], [MonHocId], [TenPhong], [TenLop], [TietBatDau], [TietKetThuc], [SttTuan], [NgayTrongTuan], [Gvhd1], [Gvhd2], [Gvhd3], [GhiChu], [Gv1CoMat], [Gv2CoMat], [Gv3CoMat], [GiangVien_MaGv]) VALUES (190, 39, N'A21.3', N'CTK34A', 1, 4, 37, 1, N'CT65', NULL, NULL, NULL, 1, 1, 1, NULL)
INSERT [dbo].[LichThucHanh] ([MaLichTh], [MonHocId], [TenPhong], [TenLop], [TietBatDau], [TietKetThuc], [SttTuan], [NgayTrongTuan], [Gvhd1], [Gvhd2], [Gvhd3], [GhiChu], [Gv1CoMat], [Gv2CoMat], [Gv3CoMat], [GiangVien_MaGv]) VALUES (191, 39, N'A21.3', N'CTK34A', 1, 4, 37, 3, N'CT65', NULL, NULL, NULL, 1, 1, 1, NULL)
INSERT [dbo].[LichThucHanh] ([MaLichTh], [MonHocId], [TenPhong], [TenLop], [TietBatDau], [TietKetThuc], [SttTuan], [NgayTrongTuan], [Gvhd1], [Gvhd2], [Gvhd3], [GhiChu], [Gv1CoMat], [Gv2CoMat], [Gv3CoMat], [GiangVien_MaGv]) VALUES (192, 32, N'A6.MT', N'CTK34B', 11, 13, 37, 1, N'CT46', NULL, NULL, NULL, 1, 1, 1, NULL)
INSERT [dbo].[LichThucHanh] ([MaLichTh], [MonHocId], [TenPhong], [TenLop], [TietBatDau], [TietKetThuc], [SttTuan], [NgayTrongTuan], [Gvhd1], [Gvhd2], [Gvhd3], [GhiChu], [Gv1CoMat], [Gv2CoMat], [Gv3CoMat], [GiangVien_MaGv]) VALUES (193, 31, N'A6.MT', N'CTK37', 1, 4, 37, 0, N'CT60', NULL, NULL, NULL, 1, 1, 1, NULL)
INSERT [dbo].[LichThucHanh] ([MaLichTh], [MonHocId], [TenPhong], [TenLop], [TietBatDau], [TietKetThuc], [SttTuan], [NgayTrongTuan], [Gvhd1], [Gvhd2], [Gvhd3], [GhiChu], [Gv1CoMat], [Gv2CoMat], [Gv3CoMat], [GiangVien_MaGv]) VALUES (194, 1, N'A6.MT', N'CTK37', 7, 10, 37, 1, N'TN15', NULL, NULL, NULL, 1, 1, 1, NULL)
INSERT [dbo].[LichThucHanh] ([MaLichTh], [MonHocId], [TenPhong], [TenLop], [TietBatDau], [TietKetThuc], [SttTuan], [NgayTrongTuan], [Gvhd1], [Gvhd2], [Gvhd3], [GhiChu], [Gv1CoMat], [Gv2CoMat], [Gv3CoMat], [GiangVien_MaGv]) VALUES (195, 31, N'A6.MT', N'CTK37', 7, 8, 37, 3, N'CT60', NULL, NULL, NULL, 1, 1, 1, NULL)
INSERT [dbo].[LichThucHanh] ([MaLichTh], [MonHocId], [TenPhong], [TenLop], [TietBatDau], [TietKetThuc], [SttTuan], [NgayTrongTuan], [Gvhd1], [Gvhd2], [Gvhd3], [GhiChu], [Gv1CoMat], [Gv2CoMat], [Gv3CoMat], [GiangVien_MaGv]) VALUES (196, 1, N'A6.MT', N'CTK37', 1, 4, 37, 5, N'TN15', NULL, NULL, NULL, 1, 1, 1, NULL)
INSERT [dbo].[LichThucHanh] ([MaLichTh], [MonHocId], [TenPhong], [TenLop], [TietBatDau], [TietKetThuc], [SttTuan], [NgayTrongTuan], [Gvhd1], [Gvhd2], [Gvhd3], [GhiChu], [Gv1CoMat], [Gv2CoMat], [Gv3CoMat], [GiangVien_MaGv]) VALUES (197, 37, N'A21.3', N'CTK34A', 1, 5, 35, 2, N'TN20', NULL, NULL, NULL, 1, 1, 1, NULL)
INSERT [dbo].[LichThucHanh] ([MaLichTh], [MonHocId], [TenPhong], [TenLop], [TietBatDau], [TietKetThuc], [SttTuan], [NgayTrongTuan], [Gvhd1], [Gvhd2], [Gvhd3], [GhiChu], [Gv1CoMat], [Gv2CoMat], [Gv3CoMat], [GiangVien_MaGv]) VALUES (198, 23, N'A6.MT', N'CTK35', 11, 13, 35, 1, N'CT25', NULL, NULL, NULL, 1, 1, 1, NULL)
INSERT [dbo].[LichThucHanh] ([MaLichTh], [MonHocId], [TenPhong], [TenLop], [TietBatDau], [TietKetThuc], [SttTuan], [NgayTrongTuan], [Gvhd1], [Gvhd2], [Gvhd3], [GhiChu], [Gv1CoMat], [Gv2CoMat], [Gv3CoMat], [GiangVien_MaGv]) VALUES (199, 23, N'A6.MT', N'CTK35', 11, 13, 35, 3, N'CT25', NULL, NULL, NULL, 1, 1, 1, NULL)
INSERT [dbo].[LichThucHanh] ([MaLichTh], [MonHocId], [TenPhong], [TenLop], [TietBatDau], [TietKetThuc], [SttTuan], [NgayTrongTuan], [Gvhd1], [Gvhd2], [Gvhd3], [GhiChu], [Gv1CoMat], [Gv2CoMat], [Gv3CoMat], [GiangVien_MaGv]) VALUES (200, 23, N'A6.MT', N'CTK35', 11, 13, 35, 4, N'CT25', NULL, NULL, NULL, 1, 1, 1, NULL)
INSERT [dbo].[LichThucHanh] ([MaLichTh], [MonHocId], [TenPhong], [TenLop], [TietBatDau], [TietKetThuc], [SttTuan], [NgayTrongTuan], [Gvhd1], [Gvhd2], [Gvhd3], [GhiChu], [Gv1CoMat], [Gv2CoMat], [Gv3CoMat], [GiangVien_MaGv]) VALUES (201, 37, N'A21.3', N'CTK34A', 7, 10, 34, 3, N'TN20', NULL, NULL, NULL, 1, 1, 1, NULL)
INSERT [dbo].[LichThucHanh] ([MaLichTh], [MonHocId], [TenPhong], [TenLop], [TietBatDau], [TietKetThuc], [SttTuan], [NgayTrongTuan], [Gvhd1], [Gvhd2], [Gvhd3], [GhiChu], [Gv1CoMat], [Gv2CoMat], [Gv3CoMat], [GiangVien_MaGv]) VALUES (202, 37, N'A21.3', N'CTK34A', 7, 10, 34, 5, N'TN20', NULL, NULL, NULL, 1, 1, 1, NULL)
INSERT [dbo].[LichThucHanh] ([MaLichTh], [MonHocId], [TenPhong], [TenLop], [TietBatDau], [TietKetThuc], [SttTuan], [NgayTrongTuan], [Gvhd1], [Gvhd2], [Gvhd3], [GhiChu], [Gv1CoMat], [Gv2CoMat], [Gv3CoMat], [GiangVien_MaGv]) VALUES (203, 37, N'A21.3', N'CTK34A', 1, 5, 36, 2, N'TN20', NULL, NULL, NULL, 1, 1, 1, NULL)
SET IDENTITY_INSERT [dbo].[LichThucHanh] OFF




